PFID,PFNAME,ORDERID,ACCOUNTID,PAYMENT
10057,uc,PB839716111010162286825,8bb40f7cbbcac7f0c6d80b956537b382,30
10057,uc,PB839716111010184461390,41515921707b06305775ccb54767c48a,6
10057,uc,PB839716111010195332730,448b7df1f9b2cb01a24af0358ca7988a,6
10057,uc,PB839716111010233468191,ac9df802f3a345b0e36cfff2bf7f392a,6
10057,uc,PB839716111010272308988,325379a271cfcdcfd2dccf16e37765a0,6
10057,uc,PB839716111010303383655,a5a840cc7fb04d686989bbfd6e713cf0,30
10057,uc,PB839716111010322014481,e5b8d5d9ac086b6311ac7016243dbf47,6
10057,uc,PB839716111010322209377,e84f8a9877aec065d324d0b091ebcb52,6
10057,uc,PB839716111010320338811,a5a840cc7fb04d686989bbfd6e713cf0,6
10376,TXYSDK,PB839716111010321443327,D113E3C084A544539639D87FD25A796F,6
10057,uc,PB839716111010342288163,7a427b1fbb25aa0fa7734e24ccee5a34,60
10057,uc,PB839716111010351229121,c11fcae8a33ace4c52a6cfb5cc57c7a0,6
10113,downjoy,PB839716111010353044891,2281152898330,60
10113,downjoy,PB839716111010355924755,2281152898330,648
10057,uc,PB839716111010370117565,1c63cc721461d34b6d66e9812a3ef2f5,198
10057,uc,PB839716111010374750183,829fb7636a62eb46f1399ce16a02d71a,6
10057,uc,PB839716111010385635933,1c63cc721461d34b6d66e9812a3ef2f5,6
10057,uc,PB839716111010381521683,f767351326ee71c06f04f608af9d655d,6
10113,downjoy,PB839716111010425544656,862330884344,6
10057,uc,PB839716111010433531810,e70698724e02ba17996201d1e63e2991,6
10057,uc,PB839716111010434116779,16c162e000b06791145d6251b8edfd76,6
10057,uc,PB839716111010444064057,455cb0b518f346cbbb8bf660c0e76c63,6
10057,uc,PB839716111010480116512,1f1bd2c06bea7a69cdeeb85e48c84953,6
10057,uc,PB839716111010520957771,39488b69960d03507ac4225ac45bb597,6
10057,uc,PB839716111010530819813,7a427b1fbb25aa0fa7734e24ccee5a34,6
10143,huawei,PB839716111010544208581,900086000023161900,6
10057,uc,PB839716111010572704054,912b071fff2c12bd117add0e8bed4a28,6
10113,downjoy,PB839716111010574405354,3383297588094,6
10376,TXYSDK,PB839716111010583359435,BB5E0465B7789B52967590FA6F8AA065,6
10057,uc,PB839716111011015937733,1b291f1f526c91628a45a4b12d9197a8,6
10057,uc,PB839716111011025984197,2404eaf3f29aaba72df16c9d99bcf594,6
10057,uc,PB839716111011024232721,2655d216a90279341b1da5918da8e901,6
10100,vivo,PB839716111011045011881,16c841419b40f078,6
10057,uc,PB839716111011051486569,5144ca8f0ead4c0741b3c119d267dc0a,6
10057,uc,PB839716111011082211954,86c98833d6149353a0541d05984b9875,6
10057,uc,PB839716111011104311240,bd350235ba4007596f65196930e1de71,6
10057,uc,PB839716111011105177586,66edd1a6ec9fbcff0c3f0a0595388ba4,6
10057,uc,PB839716111011114324251,1256ca0c99edf6d31a41030bc82ad3c8,6
10057,uc,PB839716111011112970860,8f0c377860e5e6b1c2a9984be762e617,6
10113,downjoy,PB839716111011112794034,393489206400,6
10057,uc,PB839716111011125690218,2e3e11138964465375d00afbf3aa82dc,6
10057,uc,PB839716111011133564729,cbe3c80d7d80a505ef7899ff7b61a856,30
10100,vivo,PB839716111011164165068,ee4e07e10e6b2684,60
10057,uc,PB839716111011163601315,6aaaaa477a229b3c3362b24b1536c199,6
10057,uc,PB839716111011165460055,8bd44d9b34051ad3f60745a76f62a76e,6
10057,uc,PB839716111011171207762,7c5e21dbdd5357eaa7bec91f2ff75b67,60
10143,huawei,PB839716111011183705723,350086000115157554,6
10057,uc,PB839716111011184879410,7c5e21dbdd5357eaa7bec91f2ff75b67,6
10057,uc,PB839716111011202158946,fbabdb7df3df7356a180056f675033d9,6
10376,TXYSDK,PB839716111011204244692,omgF9v19d82sIozDmKzXZQtzzhOg,6
10057,uc,PB839716111011210651336,c99f3e84da7c13362f3a6235a89b9329,6
10057,uc,PB839716111011211473248,e5b8d5d9ac086b6311ac7016243dbf47,198
10057,uc,PB839716111011225454224,8beae8c42b69f66c6cb1ebe0082660a3,6
10100,vivo,PB839716111011242624391,ee4e07e10e6b2684,6
10057,uc,PB839716111011263841917,587d29e6e9be9bac240d3b7a06dfff40,6
10057,uc,PB839716111011290196599,41573c55d82ff3fee74eb709946e3e45,60
10057,uc,PB839716111011304163293,41573c55d82ff3fee74eb709946e3e45,6
10057,uc,PB839716111011304187290,86b11ad2af59c7a14990da83c4c96499,6
10376,TXYSDK,PB839716111011181026286,589C08D0BBCB9C5FF6D3571106E9BE1A,6
10057,uc,PB839716111011322313344,cbe3c80d7d80a505ef7899ff7b61a856,6
10057,uc,PB839716111011350895870,b6452d86117957d45342ccc45dbc3848,6
10376,TXYSDK,PB839716111011351718928,1FBDEB6662AAAB09BF84110767625FD7,6
10262,xiaomi,PB839716111011371085525,53871577,6
10057,uc,PB839716111011504848297,7c5e21dbdd5357eaa7bec91f2ff75b67,198
10057,uc,PB839716111012012600515,ff6a7d0ca34a6ec16320b358881929fe,6
10143,huawei,PB839716111012040763243,260086000101644534,6
10143,huawei,PB839716111012101274436,70086000143196341,30
10057,uc,PB839716111012115641561,f4421d4c6ab20902d25697dd5c421ce2,6
10376,TXYSDK,PB839716111012134268359,B21DAB6CDCCD278B6050AF1705505308,6
10057,uc,PB839716111012564501475,dc3f0f2e5bb2cbaad758632459cb05b9,6
10057,uc,PB839716111012565743217,cde5d75111e3e3df0be75a6bbf80d10b,6
10057,uc,PB839716111012585171645,1ae8b670badf3a945c9cb99f3327b31b,60
10057,uc,PB839716111012593123578,836c50097b84914bf93b5aa1e5437b7f,6
10057,uc,PB839716111012594779438,1ae8b670badf3a945c9cb99f3327b31b,30
10262,xiaomi,PB839716111013013623524,27255906,6
10057,uc,PB839716111013025250389,4a69550325789866def3827e67bc8aae,6
10143,huawei,PB839716111013091256072,70086000029917747,6
10057,uc,PB839716111013103757059,3a4187159fa66b42290828267e83dbae,6
10057,uc,PB839716111013134077866,f90bf87ff33027a89d8fe2045fca7499,6
10150,jinli,PB839716111013173559732,8F7D6B10C5574EF1A3A440F5E0FC0640,6
10001,360,PB839716111013185394498,102090405,6
10057,uc,PB839716111013191838779,c5cc63882e13e4aba7beefb3c7d9d230,6
10150,jinli,PB839716111013193506283,DFAB3B871F6B4B1F8340941300834CAF,6
10262,xiaomi,PB839716111013204485326,64270493,6
10376,TXYSDK,PB839716111013204125620,omgF9v57PBd3X0EdgoSjKjDU-oaE,6
10057,uc,PB839716111013214627166,e5b8d5d9ac086b6311ac7016243dbf47,6
10057,uc,PB839716111013214927820,593a91b394ec4c7c1e4e6b5dfd5c9d24,6
10057,uc,PB839716111013225882967,b16307dd9d6349ad82a3cfd1c1db5b52,60
10376,TXYSDK,PB839716111013204125620,omgF9v57PBd3X0EdgoSjKjDU-oaE,6
10100,vivo,PB839716111013243667926,27511c8bd435ed40,6
10057,uc,PB839716111013252647312,aeabb3cbe4005f540221c736f1baf54c,6
10057,uc,PB839716111013263797737,b16307dd9d6349ad82a3cfd1c1db5b52,198
10057,uc,PB839716111013280831630,55a30c0542752dc78acfa52cbb72d4d7,6
10100,vivo,PB839716111013292748047,27511c8bd435ed40,60
10057,uc,PB839716111013313405420,298345df3dc5091acd3d0fee01d55f94,6
10113,downjoy,PB839716111013350310998,363515022530,6
10057,uc,PB839716111013361537368,144b09141d3738557f2a6bec6fc02eb6,6
10057,uc,PB839716111013373073068,f90bf87ff33027a89d8fe2045fca7499,30
10057,uc,PB839716111012144157089,4a69550325789866def3827e67bc8aae,6
10057,uc,PB839716111013374104365,311291601f7e01e176ce6841b4b50b3a,6
10057,uc,PB839716111013390747987,b16307dd9d6349ad82a3cfd1c1db5b52,6
10376,TXYSDK,PB839716111013414329826,EA10A97DD0E9260075802DC90BAC8B01,6
10100,vivo,PB839716111013422804811,905877d6b3793ed0,6
10143,huawei,PB839716111013424207264,80086000132841277,6
10057,uc,PB839716111013431837285,7e5a06760a95db14ebe2cbcfc72dba82,6
10100,vivo,PB839716111013455288118,bc36abd95e082309,6
10057,uc,PB839716111013470024037,951f7ed56fd4ef4a6f4d572b3ca06f52,6
10057,uc,PB839716111013500051585,0744358efb43cb10f520efefe345a85c,6
10100,vivo,PB839716111013511655687,8996d8c611c0d0d1,6
10057,uc,PB839716111013520199485,2d29ff58152e68efdab2e8d971f8ad2e,6
10376,TXYSDK,PB839716111013525309543,5C296D113C988E49AA75F50321274476,6
10376,TXYSDK,PB839716111013525892679,5DFC74C64B5027306760345BB802BA66,6
10057,uc,PB839716111013532243048,34ec01ae7c4614cbeb2db25f04eb1842,6
10057,uc,PB839716111013531706818,1b79d9ac90fbf03c02af7ea3f27e76fb,6
10376,TXYSDK,PB839716111013583264152,0E555FFD81EDC664B1390026E3339061,6
10057,uc,PB839716111013582195638,6d050f6866de17eff5b2343da7bafe50,6
10057,uc,PB839716111013581811184,81c5692522d772ca3c9f1458dd647b26,60
10376,TXYSDK,PB839716111014022900123,omgF9v_cs7J7I0_GMVX7OMDPT5hQ,6
10057,uc,PB839716111014053231797,81c5692522d772ca3c9f1458dd647b26,198
10143,huawei,PB839716111014063097818,70086000036569203,6
10376,TXYSDK,PB839716111014070440556,E34262F9799DD2056DD21669DB3B3610,6
10143,huawei,PB839716111014071590330,70086000146250178,6
10376,TXYSDK,PB839716111014093513415,40E4BF4727247370AB9A4DF65F3AAB96,6
10376,TXYSDK,PB839716111014093542058,47B50A209E7FFBA5E26CD1AC7301D41B,6
10376,TXYSDK,PB839716111014121405621,omgF9v7Udec-_m04B_LrjkU_SC4U,6
10143,huawei,PB839716111014161157438,70086000020763159,6
10057,uc,PB839716111014185870454,53f52d352610888c58c64b3eec8a2ac9,6
10262,xiaomi,PB839716111014190461019,13633213,6
10057,uc,PB839716111014212262018,53f52d352610888c58c64b3eec8a2ac9,60
10143,huawei,PB839716111014244439815,80086000135692674,6
10057,uc,PB839716111014245894069,afaa5d31c931fc10d54fe1c85818d021,6
10262,xiaomi,PB839716111014304000629,155936816,6
10143,huawei,PB839716111014342485787,80086000135725089,6
10057,uc,PB839716111014382186722,8c8cb5da97520d9a2c13c6512d77134b,6
10143,huawei,PB839716111014385403214,900086000035493604,6
10143,huawei,PB839716111014544989176,80086000024184737,6
10376,TXYSDK,PB839716111015192977122,omgF9v0avz1f3FtdX6Ct7qcYOhyU,6
10057,uc,PB839716111015331827247,13c92d16315f1a56ba68327062d5b337,6
10057,uc,PB839716111015334189157,13c92d16315f1a56ba68327062d5b337,60
10057,uc,PB839716111015372681837,7f836f9a55b102bd48eb56fab44a685a,6
10262,xiaomi,PB839716111015405556960,38431495,30
10376,TXYSDK,PB839716111015451673243,DB9EF2F81CD102CB2A69ED5362D6115F,6
10057,uc,PB839716111015514317875,4483f584bde2454b85f14880419843d8,6
10376,TXYSDK,PB839716111015521543486,F2DE226683A07CC39DBD9AD3E0EB65F7,60
10057,uc,PB839716111015554808673,13c92d16315f1a56ba68327062d5b337,30
10001,360,PB839716111015553856057,1497665103,30
10376,TXYSDK,PB839716111015521543486,F2DE226683A07CC39DBD9AD3E0EB65F7,60
10057,uc,PB839716111015583605599,d1b3ca8d0d119cdccae33722c30d27bf,6
10057,uc,PB839716111016030684526,b6d9a73c03b3c0a1454b111758d6b652,6
10057,uc,PB839716111016044382052,712eb275988a4420e7bd4617bc69b647,6
10057,uc,PB839716111016045963036,0d4385c4c6071e94def467ecce00b92e,6
10057,uc,PB839716111016051738763,95aef5f1621c1debe0ef17b509b188d1,6
10057,uc,PB839716111016042191542,bbb3eeba97bce329d6ec3b14209531bc,6
10143,huawei,PB839716111016063314099,10086000135130204,6
10376,TXYSDK,PB839716111016063808124,F2DE226683A07CC39DBD9AD3E0EB65F7,6
10057,uc,PB839716111016094697064,73260b2dea7ececb811167ea65398dce,6
10057,uc,PB839716111016111298178,8b1e7a9728ef7073f04879666fe7d2d3,6
10057,uc,PB839716111016115471258,fa7af4e6c2e4a5780711f48cbd7116ee,6
10057,uc,PB839716111016145242518,e15020f604319f8d7d0a0e4ca89f61ea,648
10057,uc,PB839716111016181340654,39da8c021e85a2f279ad2e37f890fb9e,6
10057,uc,PB839716111016192669853,68052f77cdae71f8d53c2ba6ed70c7b1,60
10057,uc,PB839716111016191810125,6bff0a48b90327e49ba368bcab4d8779,6
10376,TXYSDK,PB839716111016440603958,03C6F0063860C34003359D1543E29125,60
10057,uc,PB839716111016442364073,68052f77cdae71f8d53c2ba6ed70c7b1,6
10376,TXYSDK,PB839716111016440775247,FB2FC29ECCC71885F2DD6AB6AB3E13A6,6
10376,TXYSDK,PB839716111016440775247,FB2FC29ECCC71885F2DD6AB6AB3E13A6,6
10100,vivo,PB839716111016502426579,36229f093a0eb9e3,6
10376,TXYSDK,PB839716111016574046025,E1F5C6131C3FB0FEAD71B677615FF6FC,6
10376,TXYSDK,PB839716111017010754270,omgF9v0avz1f3FtdX6Ct7qcYOhyU,60
10376,TXYSDK,PB839716111017010754270,omgF9v0avz1f3FtdX6Ct7qcYOhyU,60
10143,huawei,PB839716111017134441917,70086000142235973,6
10057,uc,PB839716111017202599078,5746df7cc84dca70a4ed5eccdcd409f8,6
10262,xiaomi,PB839716111017210079534,86607591,6
10376,TXYSDK,PB839716111017445778385,91699F44D81F7F548C8D5B87FD45C05D,6
10057,uc,PB839716111017445117836,8f762e93070329a3b2e8959cc3d8d369,6
10143,huawei,PB839716111017481960620,70086000020763159,6
10262,xiaomi,PB839716111017505656041,84752222,6
10057,uc,PB839716111017505011150,78844b69b779c834260bcbf4f13fd816,6
10262,xiaomi,PB839716111017514783035,57597141,6
10057,uc,PB839716111017523529527,a0d71d513287d81f276b0d2ce1b07070,6
10001,360,PB839716111017551982949,1497665103,60
10143,huawei,PB839716111018014477048,70086000032736088,6
10100,vivo,PB839716111018052170437,a4f25e5e44bc4413,6
10057,uc,PB839716111018070505635,f90bf87ff33027a89d8fe2045fca7499,30
10376,TXYSDK,PB839716111018072624297,CF2597EE1A2DDC92BEC2E60AB49A9732,6
10376,TXYSDK,PB839716111018132483896,03C6F0063860C34003359D1543E29125,98
10113,downjoy,PB839716111018154037111,7637564451159,6
10262,xiaomi,PB839716111018160998077,120351034,6
10057,uc,PB839716111018170312353,1ca807ace50053cd38c0b64313018f28,6
10376,TXYSDK,PB839716111018195748135,03C6F0063860C34003359D1543E29125,6
10001,360,PB839716111018235767454,1497665103,98
10057,uc,PB839716111018250429762,ec29db80c5b5e61b4c8cc09c316fc94c,6
10100,vivo,PB839716111018284928012,b551f62494de6986,6
10057,uc,PB839716111018331876360,cbd2e124aef574c59f284ff2a1ad5bfc,6
10262,xiaomi,PB839716111018330567490,2176761,6
10057,uc,PB839716111018333904676,ac9df802f3a345b0e36cfff2bf7f392a,60
10057,uc,PB839716111018343470135,2599ccaa2ad37bc8afe4dab93e36dd27,6
10376,TXYSDK,PB839716111018384162494,omgF9v9ZydiRpxufS4Irq4FuGQ3s,6
10376,TXYSDK,PB839716111018395193685,B61F6838EC08BFA9FF01428392A4F165,6
10057,uc,PB839716111018484288568,b377e4c439368495d9ea6a71cfc1c9eb,6
10376,TXYSDK,PB839716111018571382969,C01F06384A4E5A7BCC2FAA1F24584C07,6
10057,uc,PB839716111019224667864,a17d7e2f73f6e11fc36f4c50e134dfca,6
10100,vivo,PB839716111019260666146,8a25cf3496cc0a34,6
10376,TXYSDK,PB839716111019490229234,69C7B64FC70838FD8BEC4EFF1CF6A3A1,6
10143,huawei,PB839716111019593680139,70086000035821131,6
10143,huawei,PB839716111019574557994,260086000226450139,60
10262,xiaomi,PB839716111020082519639,59289343,30
10376,TXYSDK,PB839716111020085793176,omgF9v4QhwzF7rr-L8v6LApIhHBU,6
10143,huawei,PB839716111020093661632,260086000226450139,98
10001,360,PB839716111020212862359,1149315828,6
10057,uc,PB839716111020223454670,abdd00f2955c67e290a7e9d35d9bcd0b,6
10001,360,PB839716111020253389852,828010655,6
10057,uc,PB839716111020275236468,02c43d5664555373f5a473076234b89e,30
10057,uc,PB839716111020304852852,02c43d5664555373f5a473076234b89e,6
10057,uc,PB839716111020333766550,61c7aed07c5c7d7726813ff66581858e,6
10057,uc,PB839716111020363149176,9ef54bae245c513362c5d6075384b85b,6
10057,uc,PB839716111020373721630,081e3fc5fc837812f4422f7eea7a2b58,6
10100,vivo,PB839716111020375282546,4b5c39c7e0728493,6
10057,uc,PB839716111020380797877,5fb2151bece7fb16992c7eed43fd371d,6
10113,downjoy,PB839716111020391963025,1985690729307,6
10376,TXYSDK,PB839716111020442157127,DAC77CC337DE063EE3B728DCF65B0387,6
10143,huawei,PB839716111020443379095,40086000023962370,6
10143,huawei,PB839716111020450049542,260086000232947325,6
10057,uc,PB839716111020482208297,bcf6f1b5ac7ade535609127d8a43f4e8,60
10057,uc,PB839716111020524070366,bcf6f1b5ac7ade535609127d8a43f4e8,198
10057,uc,PB839716111020545677272,bcf6f1b5ac7ade535609127d8a43f4e8,98
10262,xiaomi,PB839716111020582873041,53889307,6
10143,huawei,PB839716111020595199810,10086000023496375,6
10262,xiaomi,PB839716111021000658232,17806852,6
10262,xiaomi,PB839716111021004925518,75365287,6
10150,jinli,PB839716111021030281284,7F321B8CCAB04128A77D99FA8B7D76F5,6
10057,uc,PB839716111021052957766,47abd6af0a626220114bc7908d4c5fe8,6
10100,vivo,PB839716111021085352572,ca3bbabb51361cfa,60
10057,uc,PB839716111021090086696,37bf91f3a67d29644c094503eac756c7,6
10100,vivo,PB839716111021095175848,ca3bbabb51361cfa,30
10057,uc,PB839716111021103014751,fd218b6449fc3962aa3f71dee7523351,6
10001,360,PB839716111021113750283,497678356,6
10376,TXYSDK,PB839716111021130184568,omgF9v2qmEn2EnJiW0o6xyk8eJXU,30
10057,uc,PB839716111021162564384,8ddcfa9578b8e064c43f20c4b5d0a7c7,60
10057,uc,PB839716111021172700927,8ddcfa9578b8e064c43f20c4b5d0a7c7,6
10057,uc,PB839716111021200413570,7e5a06760a95db14ebe2cbcfc72dba82,6
10376,TXYSDK,PB839716111021281186524,omgF9v-biMPMCdnTqTCDVNXpWosM,6
10057,uc,PB839716111021291408423,ddb1835ab0cfa11f9481e949a04f3f24,6
,,PB839716111021302820942,2EF1ECF53895441DB9CDADB9ED2ACF41,6
10376,TXYSDK,PB839716111021303328840,CF4F2DE152B521ABD7D88703D87D56AE,30
10057,uc,PB839716111021411578330,40e5db2ab59090f50007b9f36d5c92fc,6
10057,uc,PB839716111023481684191,9cdb920bdab8d475bf3ab2e4e281f4c0,6
10057,uc,PB839716111110472772488,36032bc8b5413654614306871512d9f2,30
10376,TXYSDK,PB839716111111120529238,omgF9v6PGhS85-JGZPVgu6KgY6tg,6
10376,TXYSDK,PB839716111111152055428,omgF9v-EKsdbWWWWeFhMJKgkzhCM,6
10143,huawei,PB839716111111180150589,190086000122619326,6
10113,downjoy,PB839716111111182324137,449019355642,6
10057,uc,PB839716111111191591839,1cf1a0124b012ba4bebab2f97f2fb014,6
10376,TXYSDK,PB839716111111214542326,omgF9v0bhM4qE7F--TtQR0KHuWMk,6
10376,TXYSDK,PB839716111111274267223,5D0FC34FDAB01D9384B7893D17B046EC,648
10376,TXYSDK,PB839716111111274267223,5D0FC34FDAB01D9384B7893D17B046EC,648
10376,TXYSDK,PB839716111111363744623,5768F9EEDB35BFB8EE856A6B3B98E997,6
10376,TXYSDK,PB839716111111505589382,5D0FC34FDAB01D9384B7893D17B046EC,60
10376,TXYSDK,PB839716111111512503194,omgF9vzmLtttYCwRexgqn2k_kNYY,6
10057,uc,PB839716111111515005918,587d29e6e9be9bac240d3b7a06dfff40,60
10057,uc,PB839716111112011618618,bedf1f12e19d869b085c62b5b297c53c,6
10100,vivo,PB839716111112105166237,9e4d91f4a7ab209c,6
10100,vivo,PB839716111112222812383,3576923b50893b99,6
10262,xiaomi,PB839716111112281896626,118621417,6
10376,TXYSDK,PB839716111112310215235,D3C59FEFA09060013C687C08EEFFFF10,6
10143,huawei,PB839716111112385032414,70086000023457551,6
10376,TXYSDK,PB839716111112391266664,omgF9v-EKsdbWWWWeFhMJKgkzhCM,30
10376,TXYSDK,PB839716111113010504153,2024EDD831FC8014A03234C478494810,6
10057,uc,PB839716111113232845358,233da1194c14aa48713e96576fb0bb49,6
10143,huawei,PB839716111113250118646,260086000100254711,6
10376,TXYSDK,PB839716111113390750694,omgF9v8aMIcWKel1DixmeezqFu9M,6
10057,uc,PB839716111114031689372,ba390d0a6eb623678e37f901d07ebed0,6
10100,vivo,PB839716111114295356047,9bb42da9b371dfe6,6
10001,360,PB839716111114300642576,1409107142,6
10100,vivo,PB839716111114502518430,25f6e5fd9cda66d7,6
10057,uc,PB839716111114521556447,3a5476ca352d605df8f7dffcaafc4276,6
10057,uc,PB839716111115061997066,70060813d7ac0a9aeb7b8bf399ef1cf2,6
10376,TXYSDK,PB839716111115114023668,omgF9v-Lyo19RwghkvzeX1iq4CYY,198
10376,TXYSDK,PB839716111115140978298,omgF9v-Lyo19RwghkvzeX1iq4CYY,60
10143,huawei,PB839716111115205673769,190086000021330994,6
10262,xiaomi,PB839716111115211408431,88735816,6
10376,TXYSDK,PB839716111115405498282,7A7BEF4EE8BDA28F16F6E534E0555137,6
10143,huawei,PB839716111115441874949,190086000122601384,198
10143,huawei,PB839716111115490622145,350086000112501804,6
10376,TXYSDK,PB839716111115555746693,24549AC147A7D03EE105A8C3DC825488,6
10376,TXYSDK,PB839716111115571590263,A6BC4D2CD755543A93160CBF6149C49D,6
10376,TXYSDK,PB839716111115591427411,omgF9v-Lyo19RwghkvzeX1iq4CYY,6
10143,huawei,PB839716111116023935823,190086000122601384,60
10143,huawei,PB839716111116032910362,190086000122601384,6
10376,TXYSDK,PB839716111116043644029,omgF9v-Lyo19RwghkvzeX1iq4CYY,30
10057,uc,PB839716111116130861114,5ea10a9f41452e1725115f05ceead1bb,6
10057,uc,PB839716111116164551962,0c58e9b5309dd824e89638481cdd4fd0,6
10057,uc,PB839716111116203021914,5ea10a9f41452e1725115f05ceead1bb,6
10376,TXYSDK,PB839716111116293199217,9F46561C25F657094A8973BCD619A490,6
10262,xiaomi,PB839716111116472116689,1350633,6
10057,uc,PB839716111116512765870,d0e20c3d3976b5dcd45bbdfa567db701,6
10057,uc,GMT,9a28bd70a3e8fcd5ff842c2297bbf65d,6
10057,uc,GMT,40e5db2ab59090f50007b9f36d5c92fc,6
10262,xiaomi,PB839716111117195452928,78175799,6
10376,TXYSDK,PB839716111117193711982,omgF9v2Girrf1dpVbhiZrgiJn8gE,6
10143,huawei,PB839716111117285732165,40086000021887336,6
10100,vivo,PB839716111117404532166,dd887d7dc1b08849,6
10376,TXYSDK,PB839716111118095298058,omgF9v_FEi4cZ8gw27J_ym9_loSg,198
10376,TXYSDK,PB839716111118103653112,omgF9v_FEi4cZ8gw27J_ym9_loSg,6
10376,TXYSDK,PB839716111118095298058,omgF9v_FEi4cZ8gw27J_ym9_loSg,198
10057,uc,PB839716111118262478897,ab02b89f62e4dd8eac6fcebd9f1bfd22,6
10057,uc,PB839716111118444222475,be55e62a5bdcdc1ee2553b921178f21b,6
10100,vivo,PB839716111118470860925,de7f5639a83fbeb1,6
10113,downjoy,PB839716111119294870878,190773069519,6
10100,vivo,PB839716111119493511392,54126e8b170a4cef,6
10376,TXYSDK,PB839716111120522443497,omgF9v5Jm4tVhqPl74pSt3ec2SGY,30
10100,vivo,PB839716111121030521278,25f6e5fd9cda66d7,60
10057,uc,PB839716111121081624324,7a427b1fbb25aa0fa7734e24ccee5a34,30
10376,TXYSDK,GMT,omgF9v_FEi4cZ8gw27J_ym9_loSg,60
10057,uc,PB839716111121204612175,6ee0c2d211912e1ecab87f436cd569be,6
10262,xiaomi,PB839716111121373571471,10301786,6
10376,TXYSDK,PB839716111121383038240,4C5657B5C02F33DA4D3B5EED6368B877,6
10143,huawei,PB839716111121352651321,10086000138152614,6
10113,downjoy,PB839716111121440333958,5485596751395,6
10143,huawei,PB839716111121471401597,40086000021887336,6
10100,vivo,PB839716111121481982263,69db8c1530bc7592,6
10057,uc,PB839716111121535874075,b6d9a73c03b3c0a1454b111758d6b652,6
10376,TXYSDK,PB839716111122061752422,omgF9v5Jm4tVhqPl74pSt3ec2SGY,60
10143,huawei,PB839716111122075153578,350086000007636832,6
10376,TXYSDK,PB839716111122073743886,omgF9v5Jm4tVhqPl74pSt3ec2SGY,30
10143,huawei,PB839716111122082093583,260086000089965481,6
10376,TXYSDK,PB839716111122085716241,omgF9v5Jm4tVhqPl74pSt3ec2SGY,6
10100,vivo,PB839716111122182455963,25f6e5fd9cda66d7,30
10376,TXYSDK,PB839716111122353476029,DAC77CC337DE063EE3B728DCF65B0387,6
10057,uc,PB839716111122394788369,f66c10a1664ad17b126069d3d3e5ddf0,6
10100,vivo,PB839716111122423345799,dd887d7dc1b08849,6
10143,huawei,PB839716111122454811174,190086000122601384,30
10057,uc,PB839716111122553893535,7fac7ed88e9acbd0ea870b751ea08d84,6
10100,vivo,PB839716111122571180276,9a5cc4b8fec157e2,6
10100,vivo,PB839716111122593128344,dd7e460c50a6eb2e,6
10376,TXYSDK,PB839716111122595267051,omgF9v4TJjrbTm2sLGc5IYXGymyQ,6
10057,uc,PB839716111123104851354,d0bd65e20949e1b7a4d205c0a886b01b,6
10143,huawei,PB839716111123250433929,70086000145411663,6
10057,uc,PB839716111123265121373,78598b1bd5235531fedcc74b1da6aa40,6
10057,uc,PB839716111123275582389,4fa0fe2a6a5f52b35bf71ed267126a01,6
10143,huawei,PB839716111123344280697,190086000122554728,6
10143,huawei,PB839716111123401260381,260086000072300878,6
10001,360,PB839716111123443885095,359775779,6
10057,uc,PB839716111123475391515,a5da14b9b31bc2e2443fedb69fd708ef,98
10057,uc,PB839716111123494367820,a5da14b9b31bc2e2443fedb69fd708ef,60
10057,uc,PB839716111200125263496,6b7fddddf22cc7ec1d4e63001b82dce9,6
10057,uc,PB839716111200140242445,a5da14b9b31bc2e2443fedb69fd708ef,6
10001,360,PB839716111200205236950,261438412,6
10057,uc,PB839716111200253989512,0a160821a7e816f27ca05b9bf0348e81,6
10100,vivo,PB839716111200302967539,56432de868d0c08e,6
10262,xiaomi,PB839716111200440228953,11489858,6
10057,uc,PB839716111201043372710,0a160821a7e816f27ca05b9bf0348e81,60
10100,vivo,PB839716111201071456540,202fed6dae769e04,6
10376,TXYSDK,PB839716111201153794438,EA3910DE781D8FFFC1741620F6E622AA,6
10376,TXYSDK,PB839716111201355876878,C2C87C9BB230345FFC670DAF7E585594,6
10100,vivo,PB839716111203264290327,e75b248f5bb33e0b,6
10150,jinli,PB839716111203293302930,18AF04B80EEC40378EEC30D3AF003619,6
10143,huawei,PB839716111203502638694,190086000122619326,6
10143,huawei,PB839716111204463712327,80086000131407272,6
10113,downjoy,PB839716111206394035770,973184817228,6
10113,downjoy,PB839716111207282391710,157722926032,6
10001,360,PB839716111207393714638,392205807,6
10001,360,PB839716111207474575876,39178636,6
10057,uc,PB839716111207562334053,7b7fb6df3d39babf783b08161eb70467,6
10001,360,PB839716111208281953926,283820729,6
10057,uc,PB839716111210044147348,5ce798ef34d0c2df19f65f5f64a4b70b,6
10113,downjoy,PB839716111210260641521,4218410164948,60
10143,huawei,PB839716111210382917556,70086000145411663,6
10376,TXYSDK,PB839716111210391686284,CF4F2DE152B521ABD7D88703D87D56AE,98
10262,xiaomi,PB839716111210421057438,4387112,648
10057,uc,PB839716111210573802378,b6d9a73c03b3c0a1454b111758d6b652,60
10057,uc,PB839716111211015470565,b6d9a73c03b3c0a1454b111758d6b652,30
10057,uc,PB839716111211120044587,e87ac460fe59a8aebc51928c9784bde4,6
10143,huawei,PB839716111211120484854,240086000023148563,6
10100,vivo,PB839716111211113675077,c4911e51b5767ea8,6
10057,uc,PB839716111211383369643,4fa0fe2a6a5f52b35bf71ed267126a01,6
10262,xiaomi,PB839716111211465771413,63965187,6
10057,uc,PB839716111211590213931,a2311b7883fa321034bf69331e21acc1,6
10262,xiaomi,PB839716111212114100742,42813007,6
10143,huawei,PB839716111212315639789,260086000079279928,6
10001,360,PB839716111212384451670,2784476937,6
10057,uc,PB839716111213211938489,87c7649ffa7d396ef45f158c22e7499a,6
10376,TXYSDK,PB839716111213215342869,5AD8AE7D9C7D23166309C13FF115EE24,6
10001,360,PB839716111213562355520,283820729,6
10262,xiaomi,PB839716111213575793280,126005381,6
10057,uc,PB839716111214161670847,4fa0fe2a6a5f52b35bf71ed267126a01,198
10001,360,PB839716111214334917395,287602444,6
10113,downjoy,PB839716111214413849567,2289045185400,648
10113,downjoy,PB839716111214415832188,2289045185400,328
10057,uc,PB839716111214552335158,61200405524aa3fad98b4807b4274936,6
10113,downjoy,PB839716111215003791331,2289045185400,30
10057,uc,PB839716111215232875055,a2ee4253f4058949a9841b2f0d864530,6
10057,uc,PB839716111215295844218,53f52d352610888c58c64b3eec8a2ac9,198
10001,360,PB839716111215453553068,675188021,6
10057,uc,PB839716111215495673089,ec49b599d8d5cb8e85297402bf2278d5,60
10057,uc,PB839716111215555892258,ec49b599d8d5cb8e85297402bf2278d5,6
10262,xiaomi,PB839716111216545834018,19633509,6
10262,xiaomi,PB839716111217033430522,60772977,6
10376,TXYSDK,PB839716111217102222614,omgF9v_BMLYhRlSfTLh861biTECA,6
10143,huawei,PB839716111217474661589,70086000141773968,6
10057,uc,PB839716111218110530427,bcf6f1b5ac7ade535609127d8a43f4e8,328
10057,uc,PB839716111218151646737,6c3690481919414f0c29a72c3c0939a2,6
10001,360,PB839716111218182676324,164929067,6
10057,uc,PB839716111218493546262,7b7fb6df3d39babf783b08161eb70467,98
10376,TXYSDK,PB839716111218514861337,omgF9v0MaqtyIxt-8bMQL_0QaKCw,60
10376,TXYSDK,PB839716111218530562414,omgF9v0MaqtyIxt-8bMQL_0QaKCw,30
10376,TXYSDK,PB839716111218541017120,omgF9v0MaqtyIxt-8bMQL_0QaKCw,6
10057,uc,PB839716111218591888192,c65358affdb01b06d1a3d012f1fd08a0,6
10262,xiaomi,PB839716111219251153455,11909234,6
10057,uc,PB839716111219461243148,f28f622738c7d1f6345132e5e0c8ce0c,6
10057,uc,PB839716111219515815657,faa3b10734da13372ef1f8c2201c9143,6
10143,huawei,PB839716111219590116282,40086000131824157,6
10001,360,PB839716111220064199566,1466025197,6
10262,xiaomi,PB839716111220193548895,11909234,30
10001,360,PB839716111220353881867,38639505,6
10113,downjoy,PB839716111221104752531,2289045185400,30
10376,TXYSDK,PB839716111221362461964,2D45D10CA07E3E3ED307FCD52C2BEDEA,6
10143,huawei,PB839716111221500069386,80086000028900807,6
10376,TXYSDK,PB839716111222110389173,B704F2A9DB0A522DEC9E8A394861860D,6
10143,huawei,PB839716111222113465720,260086000117083806,60
10143,huawei,PB839716111222142959725,70086000037906755,6
10143,huawei,PB839716111222160481016,260086000117083806,98
10262,xiaomi,PB839716111222163277746,23103843,6
10100,vivo,PB839716111222333220166,25f6e5fd9cda66d7,198
10100,vivo,PB839716111222352993565,25f6e5fd9cda66d7,6
10376,TXYSDK,PB839716111222403600155,omgF9vzt3nnYGcOHN6uscS3XbO1s,6
10057,uc,PB839716111222530133524,6c3690481919414f0c29a72c3c0939a2,60
10057,uc,PB839716111222552823366,9a8b48a16849be22e2b5570e62541811,6
10057,uc,PB839716111222561365713,6c3690481919414f0c29a72c3c0939a2,98
10262,xiaomi,PB839716111222574973241,51206690,6
10143,huawei,PB839716111223112278466,80086000025702887,6
10057,uc,PB839716111223172513518,6c3690481919414f0c29a72c3c0939a2,198
10057,uc,PB839716111223304998573,4bf07eceb3b4bd8825b37b86194237cd,6
10143,huawei,PB839716111223344058098,350086000113513971,6
10113,downjoy,PB839716111223372165713,4218410164948,30
10376,TXYSDK,PB839716111223404083317,omgF9vzI4RutcZiz8vSUN82TrD1w,6
10262,xiaomi,PB839716111223412116345,51206690,198
10113,downjoy,PB839716111223531380615,4218410164948,198
10057,uc,PB839716111223532742131,855b644ffdb33a138481c1c4175fb8bb,6
10057,uc,PB839716111223553698964,1552bee79d3c038c963f918382db904f,6
10057,uc,PB839716111223554152542,f5182ae9caab36d3b77e5b1c59044fe4,6
10143,huawei,PB839716111300093096816,190086000021278252,30
10376,TXYSDK,PB839716111300223101069,omgF9v1wgAwBuL14PcUOaiHrkQCE,6
10100,vivo,PB839716111300340055988,9f136a6da2b61ab1,6
10143,huawei,PB839716111300365589461,40086000025667143,6
10143,huawei,PB839716111300465029914,40086000025667143,198
10057,uc,PB839716111301294365681,4fa0fe2a6a5f52b35bf71ed267126a01,328
10100,vivo,PB839716111301453804047,5f45f3b3be4a7bd9,6
10057,uc,PB839716111302193416429,6c3690481919414f0c29a72c3c0939a2,30
10001,360,PB839716111302553137618,466864087,6
10001,360,PB839716111303255089633,38639505,60
10143,huawei,PB839716111304194100176,350086000002494287,6
10376,TXYSDK,PB839716111306484848589,EA10A97DD0E9260075802DC90BAC8B01,6
10001,360,PB839716111307032696814,466864087,60
10143,huawei,PB839716111308282066012,70086000143196341,60
10113,downjoy,PB839716111308533786277,4218410164948,6
10057,uc,PB839716111309075118462,4fa0fe2a6a5f52b35bf71ed267126a01,98
10057,uc,PB839716111309343820350,53f52d352610888c58c64b3eec8a2ac9,98
10057,uc,PB839716111309485445622,163f231dccc3db538f0958a6e9433aac,6
10376,TXYSDK,PB839716111310293256650,omgF9vyVdR6or8VeF4sio8rko6zA,60
10001,360,PB839716111310394953126,828175262,6
10100,vivo,PB839716111310520674637,bc36abd95e082309,30
10057,uc,PB839716111310524007325,4fa0fe2a6a5f52b35bf71ed267126a01,60
10376,TXYSDK,PB839716111311083553273,BA53135D1BBCE0284CBCCF3E31A19804,6
10143,huawei,PB839716111311130334110,80086000024452933,6
10113,downjoy,PB839716111311161144280,4218410164948,6
10113,downjoy,PB839716111311165314011,4218410164948,6
10143,huawei,PB839716111311433692054,70086000141969052,60
10143,huawei,PB839716111311485173356,70086000141969052,6
10143,huawei,PB839716111311522460759,80086000024452933,6
10057,uc,PB839716111312084769745,32c7cc6367cf708b1853c440ef9477a9,6
10143,huawei,PB839716111312111605483,80086000135323572,6
10057,uc,PB839716111312184163463,53f52d352610888c58c64b3eec8a2ac9,6
10057,uc,PB839716111313513379891,45d99d930282d78f285c64e258608d2b,30
10001,360,PB839716111314311217185,359775779,6
10376,TXYSDK,GMT,AD425C65BE573649849541130777331A,30
10376,TXYSDK,PB839716111216104292221,AD425C65BE573649849541130777331A,30
10057,uc,PB839716111315014787983,38285007553b21bc1bcba3d3816e5bcf,6
10100,vivo,PB839716111315463729138,bc36abd95e082309,6
10057,uc,PB839716111315481576760,45d99d930282d78f285c64e258608d2b,6
10376,TXYSDK,PB839716111315584422166,omgF9v6bXnXZs-GJ280HQi3X1Lxw,6
10376,TXYSDK,PB839716111316341715173,omgF9vzTmDBVktj1yzJT8ABDlxso,6
10143,huawei,PB839716111316494032214,10086000023607902,6
10057,uc,PB839716111317504897822,dea5922d39a207be35fb3dd6abc17440,6
10376,TXYSDK,PB839716111318082764824,2D45D10CA07E3E3ED307FCD52C2BEDEA,6
10150,jinli,PB839716111318181919680,62A0BCAFD6014BD7B69A5EDFDB085FFF,6
10057,uc,PB839716111318221406355,f5182ae9caab36d3b77e5b1c59044fe4,6
10143,huawei,PB839716111318303950683,80086000028900807,98
10143,huawei,PB839716111318383801788,350086000002494287,6
10150,jinli,PB839716111319115029211,2E2275F6CF704269839F510282AF67BD,6
10100,vivo,PB839716111319210140289,e18b1c961d27f472,6
10143,huawei,PB839716111319504537735,900086000042158576,6
10150,jinli,PB839716111320252705463,D2955D69E2524F1490402EE813D644B0,6
10376,TXYSDK,PB839716111320452042571,omgF9vyS9LWtIKT2DcfLMwrUDbug,6
10376,TXYSDK,PB839716111321043416137,D61A71A34918BE15387F1DDE09E94C54,6
10057,uc,PB839716111321200583194,1fd469af84b0f97f2bc5ca6e5038d7c8,6
10376,TXYSDK,PB839716111321214517970,omgF9v2aW6O37QR8X8tKndvkz9XQ,6
10143,huawei,PB839716111321283537346,80086000028900807,98
10057,uc,PB839716111321411817072,7a427b1fbb25aa0fa7734e24ccee5a34,198
10057,uc,PB839716111322043403597,7a427b1fbb25aa0fa7734e24ccee5a34,98
10150,jinli,PB839716111322300231568,73C0DB01CCE84E8FA9FF5A9C65F8F757,30
10150,jinli,PB839716111322310484911,73C0DB01CCE84E8FA9FF5A9C65F8F757,60
10100,vivo,PB839716111322354366838,c56cfda88a2584ed,6
10150,jinli,PB839716111322422151176,73C0DB01CCE84E8FA9FF5A9C65F8F757,30
10150,jinli,PB839716111322452765615,73C0DB01CCE84E8FA9FF5A9C65F8F757,98
10150,jinli,PB839716111322505969967,73C0DB01CCE84E8FA9FF5A9C65F8F757,30
10150,jinli,PB839716111322513885896,73C0DB01CCE84E8FA9FF5A9C65F8F757,30
10143,huawei,PB839716111322574708448,190086000021177545,6
10376,TXYSDK,PB839716111323112789110,omgF9v6bXnXZs-GJ280HQi3X1Lxw,60
10376,TXYSDK,PB839716111323130440096,omgF9v6bXnXZs-GJ280HQi3X1Lxw,30
10376,TXYSDK,PB839716111323134208990,omgF9v9zspvIHYFVgx4rip-goePQ,6
10376,TXYSDK,PB839716111323112789110,omgF9v6bXnXZs-GJ280HQi3X1Lxw,60
10057,uc,PB839716111323182361918,4fa0fe2a6a5f52b35bf71ed267126a01,198
10113,downjoy,PB839716111323564438923,4218410164948,198
10001,360,PB839716111400155034421,2521434739,6
10262,xiaomi,PB839716111400171031058,87660278,6
10143,huawei,PB839716111400334135798,70086000139891157,6
10057,uc,PB839716111400373448673,b7d75b86bda0a449fee7415d0cb71c28,6
10262,xiaomi,PB839716111401034670269,10301786,6
10376,TXYSDK,PB839716111401301729378,DE039DB2295BC44CC3AC7456D4BF3EFD,6
10143,huawei,PB839716111402412539728,190086000122467900,6
10057,uc,PB839716111402462393442,faa3b10734da13372ef1f8c2201c9143,30
10100,vivo,PB839716111405013965260,bc36abd95e082309,6
10100,vivo,PB839716111405130965216,bc36abd95e082309,30
10100,vivo,PB839716111405152627572,bc36abd95e082309,98
10100,vivo,PB839716111406102154855,bc36abd95e082309,60
10143,huawei,PB839716111407130933446,190086000021278252,30
10376,TXYSDK,PB839716111408510897318,omgF9vwD0dzkNcJzWfrH1aRZZ6Gw,6
10143,huawei,PB839716111408515621742,560086000101306459,6
10057,uc,PB839716111409043353941,a0c9076cb8310a50d7e46fcb0f97abf8,6
10057,uc,PB839716111409325295055,53f52d352610888c58c64b3eec8a2ac9,60
10057,uc,PB839716111410153628163,53f52d352610888c58c64b3eec8a2ac9,198
10262,xiaomi,PB839716111410331640752,125902432,6
10376,TXYSDK,PB839716111411062793896,7B4E93518AA8CA236F6A8A71402A2366,6
10376,TXYSDK,PB839716111411103241579,F5A5B2DDA56559E98E413A600EC21803,6
10143,huawei,PB839716111412244365225,70086000025478436,6
10057,uc,PB839716111412533237541,616c2431ad2533ce3977b7bcbf5b2409,6
10376,TXYSDK,PB839716111413141078048,omgF9v-EKsdbWWWWeFhMJKgkzhCM,6
10113,downjoy,PB839716111413435346266,5586230133434,6
10143,huawei,PB839716111414042802571,240086000020679866,6
10100,vivo,PB839716111414185884649,0279912f299d8f17,6
10057,uc,PB839716111414320102368,4fa0fe2a6a5f52b35bf71ed267126a01,198
10001,360,PB839716111415044491264,2687295016,6
10057,uc,PB839716111415174073160,b57a646ed7847e54ec30d6cff08f6f4e,6
10376,TXYSDK,PB839716111416225152426,omgF9vwD0dzkNcJzWfrH1aRZZ6Gw,6
10376,TXYSDK,PB839716111416281118747,3F9E6A100881300C1B152B8B909E4180,60
10376,TXYSDK,PB839716111416302635313,3F9E6A100881300C1B152B8B909E4180,30
10376,TXYSDK,PB839716111416334521144,omgF9v3xYssWwgoVsJ77JIkSkbSE,6
10100,vivo,PB839716111416452859522,c4911e51b5767ea8,6
10100,vivo,PB839716111416455304111,c4911e51b5767ea8,6
10113,downjoy,PB839716111416560633813,1501994110419,6
10376,TXYSDK,PB839716111417011878494,omgF9v96ek2TNAz1f8JvST-QG-gs,6
10376,TXYSDK,PB839716111417075878560,E0B48A233B92641A916AE0A3072589FA,6
10100,vivo,PB839716111418070197350,bc36abd95e082309,6
10376,TXYSDK,PB839716111418212204232,omgF9v9zspvIHYFVgx4rip-goePQ,60
10376,TXYSDK,PB839716111418591395754,B68DB5406CB08969BE5FD5FCE2B8BDE4,6
10057,uc,PB839716111419232478689,4fa0fe2a6a5f52b35bf71ed267126a01,648
10100,vivo,PB839716111419462819820,630f3df03275b9f6,30
10262,xiaomi,PB839716111419543012587,20214541,6
10100,vivo,PB839716111419550264286,630f3df03275b9f6,6
10100,vivo,PB839716111420121127297,98f098847e01258f,6
10143,huawei,PB839716111420143789492,910086000000000594,6
10143,huawei,PB839716111420151739082,910086000000000594,6
10100,vivo,PB839716111420205817587,f868fa6e41ea1bfc,6
10113,downjoy,PB839716111420512221067,149015131525,6
10376,TXYSDK,PB839716111420570652419,omgF9v9zspvIHYFVgx4rip-goePQ,648
10113,downjoy,PB839716111421000299145,158248902790,60
10113,downjoy,PB839716111421033199470,158248902790,648
10113,downjoy,PB839716111421181779279,4218410164948,98
10001,360,PB839716111421363096733,2706585872,6
10143,huawei,PB839716111422094862750,70086000142333015,6
10143,huawei,PB839716111422313922773,360086000008766527,6
10100,vivo,PB839716111422582551327,ecafb64906af6e4e,6
10057,uc,PB839716111423055690850,178b90d8cb008894796ed33b453eebc6,6
10100,vivo,PB839716111423235296492,0708805f0596991e,6
10262,xiaomi,PB839716111423234921280,124809144,6
10143,huawei,PB839716111423341916551,190086000122501137,6
10057,uc,PB839716111423511001536,73e68ae385f31eda33e56a39ffe4f4fe,198
10057,uc,PB839716111423520422027,73e68ae385f31eda33e56a39ffe4f4fe,6
10150,jinli,PB839716111423515044372,73C0DB01CCE84E8FA9FF5A9C65F8F757,6
10150,jinli,PB839716111423583134992,73C0DB01CCE84E8FA9FF5A9C65F8F757,30
10150,jinli,PB839716111423594525365,73C0DB01CCE84E8FA9FF5A9C65F8F757,6
10150,jinli,PB839716111500024714233,73C0DB01CCE84E8FA9FF5A9C65F8F757,6
10150,jinli,PB839716111500033947747,73C0DB01CCE84E8FA9FF5A9C65F8F757,6
10057,uc,PB839716111500321415472,dcc247da894420e7ac6efb74625d60d9,6
10376,TXYSDK,PB839716111500355286335,omgF9v9zspvIHYFVgx4rip-goePQ,30
10376,TXYSDK,PB839716111500394934655,omgF9v2cqwnFDClYsm5be7lAxnDc,6
10376,TXYSDK,PB839716111500394934655,omgF9v2cqwnFDClYsm5be7lAxnDc,6
10113,downjoy,PB839716111501015116799,190773069519,6
10100,vivo,PB839716111501110782147,8529ff59d46d5259,6
10143,huawei,PB839716111502252658277,70086000142382810,6
10001,360,PB839716111502261667760,288490830,6
10376,TXYSDK,PB839716111502463467729,omgF9v9zspvIHYFVgx4rip-goePQ,98
10376,TXYSDK,PB839716111502562933963,omgF9v9zspvIHYFVgx4rip-goePQ,198
10001,360,PB839716111502590856572,265868183,6
10001,360,PB839716111503563332782,265868183,60
10113,downjoy,PB839716111504060236173,1841338457362,6
10113,downjoy,PB839716111505362298325,1841338457362,6
10100,vivo,PB839716111505394810352,951ca5850fad0ebf,6
10100,vivo,PB839716111506585417346,951ca5850fad0ebf,60
10100,vivo,PB839716111507014348345,951ca5850fad0ebf,98
10057,uc,PB839716111508134144873,7ba382a5a1daaf920c44ba224aecbd54,60
10057,uc,PB839716111508182180239,7ba382a5a1daaf920c44ba224aecbd54,648
10143,huawei,PB839716111509270285749,260086000069190727,6
10113,downjoy,PB839716111509395694878,3721092391098,6
10113,downjoy,PB839716111509580262136,4482110551659,6
10100,vivo,PB839716111510545561414,3db34c4a44423929,6
10100,vivo,PB839716111511541760454,8f3a7b55c03a33fc,6
10262,xiaomi,PB839716111512200767086,96104380,6
10057,uc,PB839716111512295543686,7ba382a5a1daaf920c44ba224aecbd54,648
10143,huawei,PB839716111512321693376,350086000002523247,6
10376,TXYSDK,PB839716111512455570137,omgF9v-Lyo19RwghkvzeX1iq4CYY,6
10376,TXYSDK,PB839716111512490452191,omgF9v7eiSdEq8Q5efrkhycVn8GA,60
10376,TXYSDK,PB839716111512515778237,omgF9v7eiSdEq8Q5efrkhycVn8GA,6
10057,uc,PB839716111513343158351,4fa0fe2a6a5f52b35bf71ed267126a01,30
10143,huawei,PB839716111513382776791,70086000147564283,6
10057,uc,PB839716111513443114485,7ba382a5a1daaf920c44ba224aecbd54,648
10057,uc,PB839716111513543560620,fe98044f706cc6be99ddd94b724d3562,6
10113,downjoy,PB839716111514344515053,2681616862407,60
10113,downjoy,PB839716111514350726426,2681616862407,6
10376,TXYSDK,PB839716111514353877444,CE674AAAE04D1C692201958BA36296B8,6
10376,TXYSDK,PB839716111514394922518,D52E02599CD49A486869282FAC0171C9,6
10376,TXYSDK,PB839716111515061643363,D52E02599CD49A486869282FAC0171C9,98
10143,huawei,PB839716111515195545034,70086000139891157,30
10143,huawei,PB839716111515230348696,70086000139891157,6
10057,uc,PB839716111515260836744,2e30bad9362defdb1cbdf6c7c0b3d617,6
10057,uc,PB839716111515280137958,412e72d60eb321202ca74bdcdc204d68,6
10376,TXYSDK,PB839716111515334536945,D52E02599CD49A486869282FAC0171C9,30
10376,TXYSDK,PB839716111515343145543,D52E02599CD49A486869282FAC0171C9,30
10376,TXYSDK,PB839716111515353585373,D52E02599CD49A486869282FAC0171C9,30
10376,TXYSDK,PB839716111515360597199,D52E02599CD49A486869282FAC0171C9,6
10143,huawei,PB839716111516343169025,350086000002523247,6
10376,TXYSDK,PB839716111516562417577,omgF9v8aMIcWKel1DixmeezqFu9M,6
10143,huawei,PB839716111517064291768,350086000002523247,30
10143,huawei,PB839716111517084571671,350086000002523247,6
10376,TXYSDK,PB839716111517353623277,F9D11244F8DCF55B96BD65F6CCBF939A,6
10376,TXYSDK,PB839716111517353623277,F9D11244F8DCF55B96BD65F6CCBF939A,6
10100,vivo,PB839716111517441073717,951ca5850fad0ebf,6
10376,TXYSDK,PB839716111519141027711,omgF9v8UYlm1wrlCPLOE4QlDfPc0,6
10143,huawei,PB839716111519154583994,70086000036747240,6
10143,huawei,PB839716111519314942330,190086000122601384,98
10376,TXYSDK,PB839716111520211428577,omgF9v8UYlm1wrlCPLOE4QlDfPc0,60
10113,downjoy,PB839716111520364309596,4218410164948,30
10113,downjoy,PB839716111520372444424,4218410164948,30
10001,360,PB839716111520510150583,265868183,30
10057,uc,PB839716111521192349074,412e72d60eb321202ca74bdcdc204d68,6
10376,TXYSDK,PB839716111521421178298,844D085B7AC82754EB5BE1CEC4497571,6
10057,uc,PB839716111521481883931,d6ade883f1511b06817f8b67682424b5,60
10057,uc,PB839716111521524729218,d6ade883f1511b06817f8b67682424b5,648
10143,huawei,PB839716111522104960442,21826276,60
10376,TXYSDK,PB839716111522105007612,090501A08742053D6882BFEE6A01D60E,6
10113,downjoy,PB839716111522444513849,157913467762,6
10001,360,PB839716111523101242415,1458555677,6
10057,uc,PB839716111523121317311,21bc33ecfdabdbcd7a875762bb8ec68d,6
10057,uc,PB839716111523144447539,f6fbd3fdf5ecce2578b8bbb03a6c2b9e,6
10113,downjoy,PB839716111523152073321,442073348255,60
10113,downjoy,PB839716111523172827576,442073348255,6
10143,huawei,PB839716111523234601655,21826276,6
10113,downjoy,PB839716111523510932983,4218410164948,98
10143,huawei,PB839716111600064375886,70086000141969052,30
10376,TXYSDK,PB839716111600593374213,omgF9vySdFPXfIr8Z-wNNmvQckE4,6
10143,huawei,PB839716111601384258491,350086000002523247,6
10113,downjoy,PB839716111602401897013,442073348255,98
10100,vivo,PB839716111603222926539,f5c79453f5815778,6
10143,huawei,PB839716111604044430828,70086000030926525,6
10376,TXYSDK,PB839716111604070853914,5D40C466B1807E5918833C92C13C0FB4,6
10150,jinli,PB839716111700005386214,73C0DB01CCE84E8FA9FF5A9C65F8F757,198
10150,jinli,PB839716111700131256542,73C0DB01CCE84E8FA9FF5A9C65F8F757,6
10150,jinli,PB839716111700134301399,73C0DB01CCE84E8FA9FF5A9C65F8F757,6
10150,jinli,PB839716111700141023066,73C0DB01CCE84E8FA9FF5A9C65F8F757,6
10150,jinli,PB839716111700143548089,73C0DB01CCE84E8FA9FF5A9C65F8F757,6
10150,jinli,PB839716111700152211715,73C0DB01CCE84E8FA9FF5A9C65F8F757,6
10262,xiaomi,PB839716111700231096866,9749684,6
10113,downjoy,PB839716111700505884191,1003506444333,6
10143,huawei,PB839716111701090003894,10086000135191519,98
10057,uc,PB839716111703202158517,9fb6293ec3a219e92541c501c7c1be71,6
10143,huawei,PB839716111703463812279,220086000028287875,6
10376,TXYSDK,PB839716111708570240035,omgF9v1Am-kemROCAbJmS6foJkDI,6
10143,huawei,PB839716111709573096219,220086000028287875,30
10113,downjoy,PB839716111710473703344,2187282138891,6
10143,huawei,PB839716111711225053995,70086000037262032,30
10143,huawei,PB839716111711233025734,70086000037262032,6
10057,uc,PB839716111712102596934,abf31d54b77f7066f9395b4a4c54b102,6
10113,downjoy,PB839716111712212410862,1003506444333,6
10143,huawei,PB839716111712274572139,70086000021673007,6
10113,downjoy,PB839716111713423753159,442073348255,6
10376,TXYSDK,PB839716111714254485459,37B4C178594B7B983016285A7688279A,6
10113,downjoy,PB839716111714530144997,1027382542693,6
10113,downjoy,PB839716111714575183871,2187282138891,6
10057,uc,PB839716111715032549567,8d6e475b722a2c930cf3457a441b1bb7,60
10057,uc,PB839716111717112342963,72dbb925116afddc6e21902173d78e52,6
10113,downjoy,PB839716111719425737076,442073348255,6
10057,uc,PB839716111720122332813,21bc33ecfdabdbcd7a875762bb8ec68d,60
10143,huawei,PB839716111721175153456,40086000024465340,6
10057,uc,PB839716111721461201567,8d6e475b722a2c930cf3457a441b1bb7,6
10143,huawei,PB839716111721590484652,350086000114849067,30
10143,huawei,PB839716111722004877617,350086000114849067,6
10143,huawei,PB839716111722395348622,900086000035308453,6
10100,vivo,PB839716111723540245095,361d250da275053d,6
10376,TXYSDK,PB839716111800051718428,omgF9v9zspvIHYFVgx4rip-goePQ,6
10057,uc,PB839716111800095708368,c0c1cac39bd06dfaa35ab456392a6dc2,6
10143,huawei,PB839716111800180084894,10086000135191519,98
10057,uc,PB839716111800194214442,14ec54d202bd378d7f4c9dbd0571ea20,6
10376,TXYSDK,PB839716111802241557867,omgF9v-UBXzfzL_qJGttg2tuS6KU,6
10113,downjoy,PB839716111807310668797,4218410164948,6
10113,downjoy,PB839716111807443166091,4218410164948,30
10113,downjoy,PB839716111810270375542,1003506444333,6
10057,uc,PB839716111812064479978,97c11236aaa01896586c510691297a83,6
10100,vivo,PB839716111812321569287,3b2b639316cd2ded,6
10100,vivo,PB839716111812545880840,3b2b639316cd2ded,60
10100,vivo,PB839716111813000988129,3b2b639316cd2ded,30
10100,vivo,PB839716111813125084351,3b2b639316cd2ded,6
10100,vivo,PB839716111813131340387,3b2b639316cd2ded,30
10100,vivo,PB839716111813133028662,3b2b639316cd2ded,30
10143,huawei,PB839716111814054388688,260086000072300878,6
10057,uc,PB839716111814231952937,7ba382a5a1daaf920c44ba224aecbd54,648
10143,huawei,PB839716111815003115857,70086000030356937,6
10143,huawei,PB839716111815384327124,70086000139891157,6
10057,uc,PB839716111816250410537,248162b4c02c1c6faf8b818295c85261,6
10057,uc,PB839716111817053828418,97c11236aaa01896586c510691297a83,6
10057,uc,PB839716111817204896997,7ba382a5a1daaf920c44ba224aecbd54,648
10150,jinli,PB839716111817511782878,73C0DB01CCE84E8FA9FF5A9C65F8F757,98
10057,uc,PB839716111820111915647,abf31d54b77f7066f9395b4a4c54b102,6
10057,uc,PB839716111820342549467,78f616a51e43ae19333fa062a94d3440,6
10143,huawei,PB839716111820434898366,70086000030356937,6
10143,huawei,PB839716111821065764365,350086000005407823,6
10057,uc,PB839716111822274012225,7ba382a5a1daaf920c44ba224aecbd54,648
10143,huawei,PB839716111822435826374,40086000131874167,6
10113,downjoy,PB839716111823114324434,1003506444333,6
10150,jinli,PB839716111900043098593,73C0DB01CCE84E8FA9FF5A9C65F8F757,6
10150,jinli,PB839716111900045247163,73C0DB01CCE84E8FA9FF5A9C65F8F757,6
10262,xiaomi,PB839716111900492635096,81390863,6
10376,TXYSDK,PB839716111902321067033,omgF9v3xYssWwgoVsJ77JIkSkbSE,6
10113,downjoy,PB839716111906272844677,1003506444333,6
10057,uc,PB839716111909160983578,a334d769e0bbb630999a8930623f5a50,6
10143,huawei,PB839716111909402927624,910086000000000594,6
10057,uc,PB839716111913331629573,a2ee4253f4058949a9841b2f0d864530,30
10057,uc,PB839716111913342557115,a2ee4253f4058949a9841b2f0d864530,6
10143,huawei,PB839716111919515915535,350086000003596319,6
10057,uc,PB839716111920144487250,248162b4c02c1c6faf8b818295c85261,60
10057,uc,PB839716111920533895340,358ed303412c9ce5d3a2ce8973e89a6f,6
10376,TXYSDK,PB839716111921523192380,omgF9v9zspvIHYFVgx4rip-goePQ,30
10057,uc,PB839716111922503555395,97c11236aaa01896586c510691297a83,6
10057,uc,PB839716111923295996835,97c11236aaa01896586c510691297a83,6
10057,uc,PB839716112001293644182,eb7ca188f51e757ca327b06cd950f569,6
10113,downjoy,PB839716112001575282317,6808238728396,6
10057,uc,PB839716112008480038713,97c11236aaa01896586c510691297a83,6
10376,TXYSDK,PB839716112008523033367,omgF9v_FEi4cZ8gw27J_ym9_loSg,30
10143,huawei,PB839716112010394005248,220086000028287875,6
10143,huawei,PB839716112010582524781,350086000112849910,60
10143,huawei,PB839716112011103770646,350086000112849910,6
10376,TXYSDK,PB839716112011572443532,omgF9v_FEi4cZ8gw27J_ym9_loSg,198
10057,uc,PB839716112013321001440,c2be91a8e2606ce66dcea6dfa928a4df,6
10100,vivo,PB839716112014471260440,ffd85fa6347c42a7,6
10150,jinli,PB839716112016410210713,5909AFAFC9604D79A9B840EF734B4E2F,6
10057,uc,PB839716112019401384272,aadfe4c9670ce27a505714419b175365,6
10057,uc,PB839716112022165954830,97c11236aaa01896586c510691297a83,6
10376,TXYSDK,PB839716112022212550125,omgF9v9zspvIHYFVgx4rip-goePQ,198
10100,vivo,PB839716112022423526488,ebccfe56a0b86060,6
10113,downjoy,PB839716112023430750235,6788932310213,6
10057,uc,PB839716112101570027718,a549683c4b54d169ebd1b05e9bf39d3c,6
10376,TXYSDK,PB839716112107490722735,D52E02599CD49A486869282FAC0171C9,6
10100,vivo,PB839716112108493228520,1852662359a0d1a0,6
10143,huawei,PB839716112112300103487,260086000080317308,6
10143,huawei,PB839716112114032561278,70086000031095369,6
10001,360,PB839716112114105804617,470983975,6
10100,vivo,PB839716112114212852648,47612bd5aeb3eb6f,6
10057,uc,PB839716112114490611498,856e768c91a677394fc74410a83f2021,6
10143,huawei,PB839716112120445186053,70086000030136337,6
10143,huawei,PB839716112121405470311,70086000141969052,6
10143,huawei,PB839716112122463441634,70086000023742551,6
10143,huawei,PB839716112122580869279,70086000148255426,6
10057,uc,PB839716112203271921381,97c11236aaa01896586c510691297a83,6
10057,uc,PB839716112205230766146,0adbf9484bece296b6958526d5d5cbb4,6
10113,downjoy,PB839716112206400929641,5482552873965,6
10100,vivo,PB839716112207440467068,1907d89b55afd324,6
10143,huawei,PB839716112208524074267,240086000023727890,6
10143,huawei,PB839716112212434725943,80086000134094515,6
10100,vivo,PB839716112213155208030,c9ca8c82ee0ad20a,6
10100,vivo,PB839716112219163650250,acbebfc8fb084f89,6
10057,uc,PB839716112220441696911,97c11236aaa01896586c510691297a83,6
10057,uc,PB839716112221003148815,97c11236aaa01896586c510691297a83,30
10057,uc,PB839716112221042685627,97c11236aaa01896586c510691297a83,6
10057,uc,PB839716112221045989770,97c11236aaa01896586c510691297a83,6
10143,huawei,PB839716112311594818017,900086000020165721,60
10143,huawei,PB839716112312004079984,900086000020165721,6
10262,xiaomi,PB839716112312582545627,60405782,6
10113,downjoy,PB839716112315300348796,154074285892,6
10100,vivo,PB839716112316200138231,67743913878c63f0,60
10100,vivo,PB839716112316275482883,67743913878c63f0,30
10113,downjoy,PB839716112317245337941,89434214061,6
10057,uc,PB839716112319434149993,c322b0e9e499e24dc62d4f8cc3feb748,6
10262,xiaomi,PB839716112320393157159,698124,98
10001,360,PB839716112321412514095,2796541218,6
10376,TXYSDK,PB839716112409281765347,omgF9v9zspvIHYFVgx4rip-goePQ,198
10057,uc,PB839716112415263767915,ff9cdb5726bf7e71c9cfddb6785a8bea,6
10100,vivo,PB839716112415353717214,b8ec308c1f322e7d,6
10100,vivo,PB839716112421593276175,cacae5916271983b,6
10150,jinli,PB839716111500024714233,73C0DB01CCE84E8FA9FF5A9C65F8F757,6
10150,jinli,PB839716111500033947747,73C0DB01CCE84E8FA9FF5A9C65F8F757,6
10057,uc,PB839716111500321415472,dcc247da894420e7ac6efb74625d60d9,6
10376,TXYSDK,PB839716111500355286335,omgF9v9zspvIHYFVgx4rip-goePQ,30
10376,TXYSDK,PB839716111500394934655,omgF9v2cqwnFDClYsm5be7lAxnDc,6
10376,TXYSDK,PB839716111500394934655,omgF9v2cqwnFDClYsm5be7lAxnDc,6
10113,downjoy,PB839716111501015116799,190773069519,6
10100,vivo,PB839716111501110782147,8529ff59d46d5259,6
10143,huawei,PB839716111502252658277,70086000142382810,6
10001,360,PB839716111502261667760,288490830,6
10376,TXYSDK,PB839716111502463467729,omgF9v9zspvIHYFVgx4rip-goePQ,98
10376,TXYSDK,PB839716111502562933963,omgF9v9zspvIHYFVgx4rip-goePQ,198
10001,360,PB839716111502590856572,265868183,6
10001,360,PB839716111503563332782,265868183,60
10113,downjoy,PB839716111504060236173,1841338457362,6
10113,downjoy,PB839716111505362298325,1841338457362,6
10100,vivo,PB839716111505394810352,951ca5850fad0ebf,6
10100,vivo,PB839716111506585417346,951ca5850fad0ebf,60
10100,vivo,PB839716111507014348345,951ca5850fad0ebf,98
10057,uc,PB839716111508134144873,7ba382a5a1daaf920c44ba224aecbd54,60
10057,uc,PB839716111508182180239,7ba382a5a1daaf920c44ba224aecbd54,648
10143,huawei,PB839716111509270285749,260086000069190727,6
10113,downjoy,PB839716111509395694878,3721092391098,6
10113,downjoy,PB839716111509580262136,4482110551659,6
10100,vivo,PB839716111510545561414,3db34c4a44423929,6
10100,vivo,PB839716111511541760454,8f3a7b55c03a33fc,6
10262,xiaomi,PB839716111512200767086,96104380,6
10057,uc,PB839716111512295543686,7ba382a5a1daaf920c44ba224aecbd54,648
10143,huawei,PB839716111512321693376,350086000002523247,6
10376,TXYSDK,PB839716111512455570137,omgF9v-Lyo19RwghkvzeX1iq4CYY,6
10376,TXYSDK,PB839716111512490452191,omgF9v7eiSdEq8Q5efrkhycVn8GA,60
10376,TXYSDK,PB839716111512515778237,omgF9v7eiSdEq8Q5efrkhycVn8GA,6
10057,uc,PB839716111513343158351,4fa0fe2a6a5f52b35bf71ed267126a01,30
10143,huawei,PB839716111513382776791,70086000147564283,6
10057,uc,PB839716111513443114485,7ba382a5a1daaf920c44ba224aecbd54,648
10057,uc,PB839716111513543560620,fe98044f706cc6be99ddd94b724d3562,6
10113,downjoy,PB839716111514344515053,2681616862407,60
10113,downjoy,PB839716111514350726426,2681616862407,6
10376,TXYSDK,PB839716111514353877444,CE674AAAE04D1C692201958BA36296B8,6
10376,TXYSDK,PB839716111514394922518,D52E02599CD49A486869282FAC0171C9,6
10376,TXYSDK,PB839716111515061643363,D52E02599CD49A486869282FAC0171C9,98
10143,huawei,PB839716111515195545034,70086000139891157,30
10143,huawei,PB839716111515230348696,70086000139891157,6
10057,uc,PB839716111515260836744,2e30bad9362defdb1cbdf6c7c0b3d617,6
10057,uc,PB839716111515280137958,412e72d60eb321202ca74bdcdc204d68,6
10376,TXYSDK,PB839716111515334536945,D52E02599CD49A486869282FAC0171C9,30
10376,TXYSDK,PB839716111515343145543,D52E02599CD49A486869282FAC0171C9,30
10376,TXYSDK,PB839716111515353585373,D52E02599CD49A486869282FAC0171C9,30
10376,TXYSDK,PB839716111515360597199,D52E02599CD49A486869282FAC0171C9,6
10143,huawei,PB839716111516343169025,350086000002523247,6
10376,TXYSDK,PB839716111516562417577,omgF9v8aMIcWKel1DixmeezqFu9M,6
10143,huawei,PB839716111517064291768,350086000002523247,30
10143,huawei,PB839716111517084571671,350086000002523247,6
10376,TXYSDK,PB839716111517353623277,F9D11244F8DCF55B96BD65F6CCBF939A,6
10376,TXYSDK,PB839716111517353623277,F9D11244F8DCF55B96BD65F6CCBF939A,6
10100,vivo,PB839716111517441073717,951ca5850fad0ebf,6
10376,TXYSDK,PB839716111519141027711,omgF9v8UYlm1wrlCPLOE4QlDfPc0,6
10143,huawei,PB839716111519154583994,70086000036747240,6
10143,huawei,PB839716111519314942330,190086000122601384,98
10376,TXYSDK,PB839716111520211428577,omgF9v8UYlm1wrlCPLOE4QlDfPc0,60
10113,downjoy,PB839716111520364309596,4218410164948,30
10113,downjoy,PB839716111520372444424,4218410164948,30
10001,360,PB839716111520510150583,265868183,30
10057,uc,PB839716111521192349074,412e72d60eb321202ca74bdcdc204d68,6
10376,TXYSDK,PB839716111521421178298,844D085B7AC82754EB5BE1CEC4497571,6
10057,uc,PB839716111521481883931,d6ade883f1511b06817f8b67682424b5,60
10057,uc,PB839716111521524729218,d6ade883f1511b06817f8b67682424b5,648
10143,huawei,PB839716111522104960442,21826276,60
10376,TXYSDK,PB839716111522105007612,090501A08742053D6882BFEE6A01D60E,6
10113,downjoy,PB839716111522444513849,157913467762,6
10001,360,PB839716111523101242415,1458555677,6
10057,uc,PB839716111523121317311,21bc33ecfdabdbcd7a875762bb8ec68d,6
10057,uc,PB839716111523144447539,f6fbd3fdf5ecce2578b8bbb03a6c2b9e,6
10113,downjoy,PB839716111523152073321,442073348255,60
10113,downjoy,PB839716111523172827576,442073348255,6
10143,huawei,PB839716111523234601655,21826276,6
10113,downjoy,PB839716111523510932983,4218410164948,98
10143,huawei,PB839716111600064375886,70086000141969052,30
10376,TXYSDK,PB839716111600593374213,omgF9vySdFPXfIr8Z-wNNmvQckE4,6
10143,huawei,PB839716111601384258491,350086000002523247,6
10113,downjoy,PB839716111602401897013,442073348255,98
10100,vivo,PB839716111603222926539,f5c79453f5815778,6
10143,huawei,PB839716111604044430828,70086000030926525,6
10376,TXYSDK,PB839716111604070853914,5D40C466B1807E5918833C92C13C0FB4,6
10150,jinli,PB839716111605530813054,73C0DB01CCE84E8FA9FF5A9C65F8F757,6
10150,jinli,PB839716111605535591541,73C0DB01CCE84E8FA9FF5A9C65F8F757,6
10376,TXYSDK,PB839716111607151715026,omgF9v7eFBRKF616uCOdhEd3CKxc,6
10001,360,PB839716111609392489225,302249714,6
10057,uc,PB839716111610004538152,21bc33ecfdabdbcd7a875762bb8ec68d,198
10376,TXYSDK,PB839716111610163187449,omgF9v_9zfjmiLWR09EshbQfxIlc,6
10376,TXYSDK,PB839716111610310346018,omgF9vwySiJ8a4aikBr_iZnhskf8,6
10100,vivo,PB839716111610374511719,a4902a852d3c94b5,6
10057,uc,PB839716111615220376850,14ec54d202bd378d7f4c9dbd0571ea20,6
10262,xiaomi,PB839716111615334212521,19927288,6
10376,TXYSDK,PB839716111616101280769,F25FE3FF6A513AFA40D036A6C8CCBC2C,6
10143,huawei,PB839716111617404016881,70086000145135492,6
10376,TXYSDK,PB839716111619122041238,omgF9v2qmEn2EnJiW0o6xyk8eJXU,6
10376,TXYSDK,PB839716111619371099837,3F86F1C6FC90809879BD1E4378356043,6
10057,uc,PB839716111619472449513,d022db1764b4459a83d2eb8ad4b121ab,6
10143,huawei,PB839716111620393354832,70086000141969052,198
10376,TXYSDK,PB839716111622285524034,A917669D57930C842EFFF2714F6299AD,6
10143,huawei,PB839716111622512367113,10086000135191519,30
10113,downjoy,PB839716111623252590384,351321434717,6
10057,uc,PB839716111623314862392,ebd89ac99dac10e8818366e8e1354de4,6
10262,xiaomi,PB839716111623325078748,6609266,6
