item_id,type,skill_kind,skill_lv,gain_skillexp,cost_res,cost_num,need_item,need_itemnum,profession,need_money,need_book,Chance,SpecialID
1002,Player,120,10,,,,3001;3101;3401,5;3;3,,240,,100,21002
1003,Player,120,10,,,,3001;3101;3401;5086,8;4;4;1,,320,,100,21003
1004,Player,120,20,,,,3002;3102;3402;5086,12;7;7;2,,480,,100,21004
1005,Player,120,20,,,,3002;3102;3402;5086,18;10;10;4,,720,,100,21005
1006,Player,120,30,,,,3003;3103;3403;5086,16;9;9;3,,640,,100,21006
1007,Player,120,30,,,,3003;3103;3403;5086,24;14;14;6,,960,,100,21007
1008,Player,120,40,,,,3004;3104;3404;5086,20;12;12;4,,800,5175,100,21008
1009,Player,120,40,,,,3004;3104;3404;5086,30;18;18;8,,1200,5176,100,21009
1010,Player,120,40,,,,3004;3104;3404;5086,48;28;28;12,,2000,5177,100,21010
1011,Player,120,50,,,,3005;3105;3405;5086,24;14;14;5,,960,5178,100,21011
1012,Player,120,50,,,,3005;3105;3405;5086,36;21;21;10,,1440,5179,100,21012
1013,Player,120,60,,,,3006;3106;3406;5086,27;16;16;6,,1120,5180,100,21013
1014,Player,120,60,,,,3006;3106;3406;5086,42;25;25;12,,1680,5181,100,21014
1015,Player,120,60,,,,3006;3106;3406;5086,68;40;40;18,,2800,5182,100,21015
1016,Player,120,70,,,,3007;3107;3407;5086,43;31;31;7,,2600,5183,100,21016
1017,Player,120,70,,,,3007;3107;3407;5086,59;40;40;14,,3200,5184,100,21017
1018,Player,120,70,,,,3007;3107;3407;5086,85;55;55;21,,3400,5185,100,21018
1025,Player,121,10,,,,3001;3101;3401,5;3;3,,240,,100,21025
1026,Player,121,10,,,,3001;3101;3401;5086,8;4;4;1,,320,,100,21026
1027,Player,121,20,,,,3002;3102;3402;5086,12;7;7;2,,480,,100,21027
1028,Player,121,20,,,,3002;3102;3402;5086,18;10;10;4,,720,,100,21028
1029,Player,121,30,,,,3003;3103;3403;5086,16;9;9;3,,640,,100,21029
1030,Player,121,30,,,,3003;3103;3403;5086,24;14;14;6,,960,,100,21030
1031,Player,121,40,,,,3004;3104;3404;5086,20;12;12;4,,800,5198,100,21031
1032,Player,121,40,,,,3004;3104;3404;5086,30;18;18;8,,1200,5199,100,21032
1033,Player,121,40,,,,3004;3104;3404;5086,48;28;28;12,,2000,5200,100,21033
1034,Player,121,50,,,,3005;3105;3405;5086,24;14;14;5,,960,5201,100,21034
1035,Player,121,50,,,,3005;3105;3405;5086,36;21;21;10,,1440,5202,100,21035
1036,Player,121,60,,,,3006;3106;3406;5086,27;16;16;6,,1120,5203,100,21036
1037,Player,121,60,,,,3006;3106;3406;5086,42;25;25;12,,1680,5204,100,21037
1038,Player,121,60,,,,3006;3106;3406;5086,68;40;40;18,,2800,5205,100,21038
1039,Player,121,70,,,,3007;3107;3407;5086,43;31;31;7,,2600,5206,100,21039
1040,Player,121,70,,,,3007;3107;3407;5086,59;40;40;14,,3200,5207,100,21040
1041,Player,121,70,,,,3007;3107;3407;5086,85;55;55;21,,3400,5208,100,21041
1048,Player,122,10,,,,3001;3101;3401,5;3;3,,240,,100,21048
1049,Player,122,10,,,,3001;3101;3401;5086,8;4;4;1,,320,,100,21049
1050,Player,122,20,,,,3002;3102;3402;5086,12;7;7;2,,480,,100,21050
1051,Player,122,20,,,,3002;3102;3402;5086,18;10;10;4,,720,,100,21051
1052,Player,122,30,,,,3003;3103;3403;5086,16;9;9;3,,640,,100,21052
1053,Player,122,30,,,,3003;3103;3403;5086,24;14;14;6,,960,,100,21053
1054,Player,122,40,,,,3004;3104;3404;5086,20;12;12;4,,800,5221,100,21054
1055,Player,122,40,,,,3004;3104;3404;5086,30;18;18;8,,1200,5222,100,21055
1056,Player,122,40,,,,3004;3104;3404;5086,48;28;28;12,,2000,5223,100,21056
1057,Player,122,50,,,,3005;3105;3405;5086,24;14;14;5,,960,5224,100,21057
1058,Player,122,50,,,,3005;3105;3405;5086,36;21;21;10,,1440,5225,100,21058
1059,Player,122,60,,,,3006;3106;3406;5086,27;16;16;6,,1120,5226,100,21059
1060,Player,122,60,,,,3006;3106;3406;5086,42;25;25;12,,1680,5227,100,21060
1061,Player,122,60,,,,3006;3106;3406;5086,68;40;40;18,,2800,5228,100,21061
1062,Player,122,70,,,,3007;3107;3407;5086,43;31;31;7,,2600,5229,100,21062
1063,Player,122,70,,,,3007;3107;3407;5086,59;40;40;14,,3200,5230,100,21063
1064,Player,122,70,,,,3007;3107;3407;5086,85;55;55;21,,3400,5231,100,21064
1071,Player,123,10,,,,3001;3101;3401,5;3;3,,240,,100,21071
1072,Player,123,10,,,,3001;3101;3401;5086,8;4;4;1,,320,,100,21072
1073,Player,123,20,,,,3002;3102;3402;5086,12;7;7;2,,480,,100,21073
1074,Player,123,20,,,,3002;3102;3402;5086,18;10;10;4,,720,,100,21074
1075,Player,123,30,,,,3003;3103;3403;5086,16;9;9;3,,640,,100,21075
1076,Player,123,30,,,,3003;3103;3403;5086,24;14;14;6,,960,,100,21076
1077,Player,123,40,,,,3004;3104;3404;5086,20;12;12;4,,800,5244,100,21077
1078,Player,123,40,,,,3004;3104;3404;5086,30;18;18;8,,1200,5245,100,21078
1079,Player,123,40,,,,3004;3104;3404;5086,48;28;28;12,,2000,5246,100,21079
1080,Player,123,50,,,,3005;3105;3405;5086,24;14;14;5,,960,5247,100,21080
1081,Player,123,50,,,,3005;3105;3405;5086,36;21;21;10,,1440,5248,100,21081
1082,Player,123,60,,,,3006;3106;3406;5086,27;16;16;6,,1120,5249,100,21082
1083,Player,123,60,,,,3006;3106;3406;5086,42;25;25;12,,1680,5250,100,21083
1084,Player,123,60,,,,3006;3106;3406;5086,68;40;40;18,,2800,5251,100,21084
1085,Player,123,70,,,,3007;3107;3407;5086,43;31;31;7,,2600,5252,100,21085
1086,Player,123,70,,,,3007;3107;3407;5086,59;40;40;14,,3200,5253,100,21086
1087,Player,123,70,,,,3007;3107;3407;5086,85;55;55;21,,3400,5254,100,21087
1095,Player,125,10,,,,3001;3101;3401,3;5;3,,240,,100,21094
1094,Player,125,10,,,,3001;3101;3401;5086,4;8;4;1,,320,,100,21095
1097,Player,125,20,,,,3002;3102;3402;5086,7;12;7;2,,480,,100,21096
1096,Player,125,20,,,,3002;3102;3402;5086,10;18;10;4,,720,,100,21097
1099,Player,125,30,,,,3003;3103;3403;5086,9;16;9;3,,640,,100,21098
1098,Player,125,30,,,,3003;3103;3403;5086,14;24;14;6,,960,,100,21099
1101,Player,125,40,,,,3004;3104;3404;5086,12;20;12;4,,800,5267,100,21100
1100,Player,125,40,,,,3004;3104;3404;5086,18;30;18;8,,1200,5268,100,21101
1102,Player,125,40,,,,3004;3104;3404;5086,28;48;28;12,,2000,5269,100,21102
1104,Player,125,50,,,,3005;3105;3405;5086,14;24;14;5,,960,5270,100,21103
1103,Player,125,50,,,,3005;3105;3405;5086,21;36;21;10,,1440,5271,100,21104
1106,Player,125,60,,,,3006;3106;3406;5086,16;27;16;6,,1120,5272,100,21105
1105,Player,125,60,,,,3006;3106;3406;5086,25;42;25;12,,1680,5273,100,21106
1107,Player,125,60,,,,3006;3106;3406;5086,40;68;40;18,,2800,5274,100,21107
1108,Player,125,70,,,,3007;3107;3407;5086,43;31;31;7,,2600,5275,100,21108
1109,Player,125,70,,,,3007;3107;3407;5086,59;40;40;14,,3200,5276,100,21109
1110,Player,125,70,,,,3007;3107;3407;5086,85;55;55;21,,3400,5277,100,21110
1117,Player,124,10,,,,3001;3101;3401,5;3;3,,240,,100,21117
1118,Player,124,10,,,,3001;3101;3401;5086,8;4;4;1,,320,,100,21118
1119,Player,124,20,,,,3002;3102;3402;5086,12;7;7;2,,480,,100,21119
1120,Player,124,20,,,,3002;3102;3402;5086,18;10;10;4,,720,,100,21120
1121,Player,124,30,,,,3003;3103;3403;5086,16;9;9;3,,640,,100,21121
1122,Player,124,30,,,,3003;3103;3403;5086,24;14;14;6,,960,,100,21122
1123,Player,124,40,,,,3004;3104;3404;5086,20;12;12;4,,800,5290,100,21123
1124,Player,124,40,,,,3004;3104;3404;5086,30;18;18;8,,1200,5291,100,21124
1125,Player,124,40,,,,3004;3104;3404;5086,48;28;28;12,,2000,5292,100,21125
1126,Player,124,50,,,,3005;3105;3405;5086,24;14;14;5,,960,5293,100,21126
1127,Player,124,50,,,,3005;3105;3405;5086,36;21;21;10,,1440,5294,100,21127
1128,Player,124,60,,,,3006;3106;3406;5086,27;16;16;6,,1120,5295,100,21128
1129,Player,124,60,,,,3006;3106;3406;5086,42;25;25;12,,1680,5296,100,21129
1130,Player,124,60,,,,3006;3106;3406;5086,68;40;40;18,,2800,5297,100,21130
1131,Player,124,70,,,,3007;3107;3407;5086,43;31;31;7,,2600,5298,100,21131
1132,Player,124,70,,,,3007;3107;3407;5086,59;40;40;14,,3200,5299,100,21132
1133,Player,124,70,,,,3007;3107;3407;5086,85;55;55;21,,3400,5300,100,21133
1163,Player,127,10,,,,3001;3101;3401,5;3;3,,240,,100,21163
1164,Player,127,10,,,,3001;3101;3401;5086,8;4;4;1,,320,,100,21164
1165,Player,127,20,,,,3002;3102;3402;5086,12;7;7;2,,480,,100,21165
1166,Player,127,20,,,,3002;3102;3402;5086,18;10;10;4,,720,,100,21166
1167,Player,127,30,,,,3003;3103;3403;5086,16;9;9;3,,640,,100,21167
1168,Player,127,30,,,,3003;3103;3403;5086,24;14;14;6,,960,,100,21168
1169,Player,127,40,,,,3004;3104;3404;5086,20;12;12;4,,800,5336,100,21169
1170,Player,127,40,,,,3004;3104;3404;5086,30;18;18;8,,1200,5337,100,21170
1171,Player,127,40,,,,3004;3104;3404;5086,48;28;28;12,,2000,5338,100,21171
1172,Player,127,50,,,,3005;3105;3405;5086,24;14;14;5,,960,5339,100,21172
1173,Player,127,50,,,,3005;3105;3405;5086,36;21;21;10,,1440,5340,100,21173
1174,Player,127,60,,,,3006;3106;3406;5086,27;16;16;6,,1120,5341,100,21174
1175,Player,127,60,,,,3006;3106;3406;5086,42;25;25;12,,1680,5342,100,21175
1176,Player,127,60,,,,3006;3106;3406;5086,68;40;40;18,,2800,5343,100,21176
1177,Player,127,70,,,,3007;3107;3407;5086,43;31;31;7,,2600,5344,100,21177
1178,Player,127,70,,,,3007;3107;3407;5086,59;40;40;14,,3200,5345,100,21178
1179,Player,127,70,,,,3007;3107;3407;5086,85;55;55;21,,3400,5346,100,21179
1186,Player,131,10,,,,3001;3101;3401,3;3;5,,240,,100,21186
1187,Player,131,10,,,,3001;3101;3401;5086,4;4;8;1,,320,,100,21187
1188,Player,131,20,,,,3002;3102;3402;5086,7;7;12;2,,480,,100,21188
1189,Player,131,20,,,,3002;3102;3402;5086,10;10;18;4,,720,,100,21189
1190,Player,131,30,,,,3003;3103;3403;5086,9;9;16;3,,640,,100,21190
1191,Player,131,30,,,,3003;3103;3403;5086,14;14;24;6,,960,,100,21191
1192,Player,131,40,,,,3004;3104;3404;5086,12;12;20;4,,800,5359,100,21192
1193,Player,131,40,,,,3004;3104;3404;5086,18;18;30;8,,1200,5360,100,21193
1194,Player,131,40,,,,3004;3104;3404;5086,28;28;48;12,,2000,5361,100,21194
1195,Player,131,50,,,,3005;3105;3405;5086,14;14;24;5,,960,5362,100,21195
1196,Player,131,50,,,,3005;3105;3405;5086,21;21;36;10,,1440,5363,100,21196
1197,Player,131,60,,,,3006;3106;3406;5086,16;16;27;6,,1120,5364,100,21197
1198,Player,131,60,,,,3006;3106;3406;5086,25;25;42;12,,1680,5365,100,21198
1199,Player,131,60,,,,3006;3106;3406;5086,40;40;68;18,,2800,5366,100,21199
1200,Player,131,70,,,,3007;3107;3407;5086,43;31;31;7,,2600,5367,100,21200
1201,Player,131,70,,,,3007;3107;3407;5086,59;40;40;14,,3200,5368,100,21201
1202,Player,131,70,,,,3007;3107;3407;5086,85;55;55;21,,3400,5369,100,21202
1203,Player,131,70,,,,3007;3107;3407;5086,100;75;75;28,,4100,5370,100,21203
1210,Player,141,10,,,,3001;3101;3401,5;3;3,,240,,100,21210
1211,Player,141,10,,,,3001;3101;3401;5086,8;4;4;1,,320,,100,21211
1212,Player,141,20,,,,3002;3102;3402;5086,12;7;7;2,,480,,100,21212
1213,Player,141,20,,,,3002;3102;3402;5086,18;10;10;4,,720,,100,21213
1214,Player,141,30,,,,3003;3103;3403;5086,16;9;9;3,,640,,100,21214
1215,Player,141,30,,,,3003;3103;3403;5086,24;14;14;6,,960,,100,21215
1216,Player,141,40,,,,3004;3104;3404;5086,20;12;12;4,,800,5383,100,21216
1217,Player,141,40,,,,3004;3104;3404;5086,30;18;18;8,,1200,5384,100,21217
1218,Player,141,40,,,,3004;3104;3404;5086,48;28;28;12,,2000,5385,100,21218
1219,Player,141,50,,,,3005;3105;3405;5086,24;14;14;5,,960,5386,100,21219
1220,Player,141,50,,,,3005;3105;3405;5086,36;21;21;10,,1440,5387,100,21220
1221,Player,141,60,,,,3006;3106;3406;5086,27;16;16;6,,1120,5388,100,21221
1222,Player,141,60,,,,3006;3106;3406;5086,42;25;25;12,,1680,5389,100,21222
1223,Player,141,60,,,,3006;3106;3406;5086,68;40;40;18,,2800,5390,100,21223
1224,Player,141,70,,,,3007;3107;3407;5086,43;31;31;7,,2600,5391,100,21224
1225,Player,141,70,,,,3007;3107;3407;5086,59;40;40;14,,3200,5392,100,21225
1226,Player,141,70,,,,3007;3107;3407;5086,85;55;55;21,,3400,5393,100,21226
1233,Player,142,10,,,,3001;3101;3401,3;3;5,,240,,100,21233
1234,Player,142,10,,,,3001;3101;3401;5086,4;4;8;1,,320,,100,21234
1235,Player,142,20,,,,3002;3102;3402;5086,7;7;12;2,,480,,100,21235
1236,Player,142,20,,,,3002;3102;3402;5086,10;10;18;4,,720,,100,21236
1237,Player,142,30,,,,3003;3103;3403;5086,9;9;16;3,,640,,100,21237
1238,Player,142,30,,,,3003;3103;3403;5086,14;14;24;6,,960,,100,21238
1239,Player,142,40,,,,3004;3104;3404;5086,12;12;20;4,,800,5406,100,21239
1240,Player,142,40,,,,3004;3104;3404;5086,18;18;30;8,,1200,5407,100,21240
1241,Player,142,40,,,,3004;3104;3404;5086,28;28;48;12,,2000,5408,100,21241
1242,Player,142,50,,,,3005;3105;3405;5086,14;14;24;5,,960,5409,100,21242
1243,Player,142,50,,,,3005;3105;3405;5086,21;21;36;10,,1440,5410,100,21243
1244,Player,142,60,,,,3006;3106;3406;5086,16;16;27;6,,1120,5411,100,21244
1245,Player,142,60,,,,3006;3106;3406;5086,25;25;42;12,,1680,5412,100,21245
1246,Player,142,60,,,,3006;3106;3406;5086,40;40;68;18,,2800,5413,100,21246
1247,Player,142,70,,,,3007;3107;3407;5086,43;31;31;7,,2600,5414,100,21247
1248,Player,142,70,,,,3007;3107;3407;5086,59;40;40;14,,3200,5415,100,21248
1249,Player,142,70,,,,3007;3107;3407;5086,85;55;55;21,,3400,5416,100,21249
1256,Player,143,10,,,,3001;3101;3401,5;3;3,,240,,100,21256
1257,Player,143,10,,,,3001;3101;3401;5086,8;4;4;1,,320,,100,21257
1258,Player,143,20,,,,3002;3102;3402;5086,12;7;7;2,,480,,100,21258
1259,Player,143,20,,,,3002;3102;3402;5086,18;10;10;4,,720,,100,21259
1260,Player,143,30,,,,3003;3103;3403;5086,16;9;9;3,,640,,100,21260
1261,Player,143,30,,,,3003;3103;3403;5086,24;14;14;6,,960,,100,21261
1263,Player,143,40,,,,3004;3104;3404;5086,20;12;12;4,,800,5430,100,21263
1264,Player,143,40,,,,3004;3104;3404;5086,30;18;18;8,,1200,5431,100,21264
1265,Player,143,40,,,,3004;3104;3404;5086,48;28;28;12,,2000,5432,100,21265
1266,Player,143,50,,,,3005;3105;3405;5086,24;14;14;5,,960,5433,100,21266
1267,Player,143,50,,,,3005;3105;3405;5086,36;21;21;10,,1440,5434,100,21267
1268,Player,143,60,,,,3006;3106;3406;5086,27;16;16;6,,1120,5435,100,21268
1269,Player,143,60,,,,3006;3106;3406;5086,42;25;25;12,,1680,5436,100,21269
1270,Player,143,60,,,,3006;3106;3406;5086,68;40;40;18,,2800,5437,100,21270
1271,Player,143,70,,,,3007;3107;3407;5086,43;31;31;7,,2600,5438,100,21271
1272,Player,143,70,,,,3007;3107;3407;5086,59;40;40;14,,3200,5439,100,21272
1273,Player,143,70,,,,3007;3107;3407;5086,85;55;55;21,,3400,5440,100,21273
1280,Player,151,10,,,,3001;3101;3401,5;3;3,,240,,100,21280
1281,Player,151,10,,,,3001;3101;3401;5086,8;4;4;1,,320,,100,21281
1282,Player,151,20,,,,3002;3102;3402;5086,12;7;7;2,,480,,100,21282
1283,Player,151,20,,,,3002;3102;3402;5086,18;10;10;4,,720,,100,21283
1284,Player,151,30,,,,3003;3103;3403;5086,16;9;9;3,,640,,100,21284
1285,Player,151,30,,,,3003;3103;3403;5086,24;14;14;6,,960,,100,21285
1286,Player,151,40,,,,3004;3104;3404;5086,20;12;12;4,,800,5453,100,21286
1287,Player,151,40,,,,3004;3104;3404;5086,30;18;18;8,,1200,5454,100,21287
1288,Player,151,40,,,,3004;3104;3404;5086,48;28;28;12,,2000,5455,100,21288
1289,Player,151,50,,,,3005;3105;3405;5086,24;14;14;5,,960,5456,100,21289
1290,Player,151,50,,,,3005;3105;3405;5086,36;21;21;10,,1440,5457,100,21290
1291,Player,151,60,,,,3006;3106;3406;5086,27;16;16;6,,1120,5458,100,21291
1292,Player,151,60,,,,3006;3106;3406;5086,42;25;25;12,,1680,5459,100,21292
1293,Player,151,60,,,,3006;3106;3406;5086,68;40;40;18,,2800,5460,100,21293
1294,Player,151,70,,,,3007;3107;3407;5086,43;31;31;7,,2600,5461,100,21294
1295,Player,151,70,,,,3007;3107;3407;5086,59;40;40;14,,3200,5462,100,21295
1296,Player,151,70,,,,3007;3107;3407;5086,85;55;55;21,,3400,5463,100,21296
1303,Player,152,10,,,,3001;3101;3401,3;3;5,,240,,100,21303
1304,Player,152,10,,,,3001;3101;3401;5086,4;4;8;1,,320,,100,21304
1305,Player,152,20,,,,3002;3102;3402;5086,7;7;12;2,,480,,100,21305
1306,Player,152,20,,,,3002;3102;3402;5086,10;10;18;4,,720,,100,21306
1307,Player,152,30,,,,3003;3103;3403;5086,9;9;16;3,,640,,100,21307
1308,Player,152,30,,,,3003;3103;3403;5086,14;14;24;6,,960,,100,21308
1309,Player,152,40,,,,3004;3104;3404;5086,12;12;20;4,,800,5476,100,21309
1310,Player,152,40,,,,3004;3104;3404;5086,18;18;30;8,,1200,5477,100,21310
1311,Player,152,40,,,,3004;3104;3404;5086,28;28;48;12,,2000,5478,100,21311
1312,Player,152,50,,,,3005;3105;3405;5086,14;14;24;5,,960,5479,100,21312
1313,Player,152,50,,,,3005;3105;3405;5086,21;21;36;10,,1440,5480,100,21313
1314,Player,152,60,,,,3006;3106;3406;5086,16;16;27;6,,1120,5481,100,21314
1315,Player,152,60,,,,3006;3106;3406;5086,25;25;42;12,,1680,5482,100,21315
1316,Player,152,60,,,,3006;3106;3406;5086,40;40;68;18,,2800,5483,100,21316
1317,Player,152,70,,,,3007;3107;3407;5086,43;31;31;7,,2600,5484,100,21317
1318,Player,152,70,,,,3007;3107;3407;5086,59;40;40;14,,3200,5485,100,21318
1319,Player,152,70,,,,3007;3107;3407;5086,85;55;55;21,,3400,5486,100,21319
1326,Player,127,10,,,,3001;3101;3401,5;3;3,,240,,100,21326
1327,Player,127,10,,,,3001;3101;3401;5086,8;4;4;1,,320,,100,21327
1328,Player,127,20,,,,3002;3102;3402;5086,12;7;7;2,,480,,100,21328
1329,Player,127,20,,,,3002;3102;3402;5086,18;10;10;4,,720,,100,21329
1330,Player,127,30,,,,3003;3103;3403;5086,16;9;9;3,,640,,100,21330
1331,Player,127,30,,,,3003;3103;3403;5086,24;14;14;6,,960,,100,21331
1332,Player,127,40,,,,3004;3104;3404;5086,20;12;12;4,,800,5499,100,21332
1333,Player,127,40,,,,3004;3104;3404;5086,30;18;18;8,,1200,5500,100,21333
1334,Player,127,40,,,,3004;3104;3404;5086,48;28;28;12,,2000,5501,100,21334
1335,Player,127,50,,,,3005;3105;3405;5086,24;14;14;5,,960,5502,100,21335
1336,Player,127,50,,,,3005;3105;3405;5086,36;21;21;10,,1440,5503,100,21336
1337,Player,127,60,,,,3006;3106;3406;5086,27;16;16;6,,1120,5504,100,21337
1338,Player,127,60,,,,3006;3106;3406;5086,42;25;25;12,,1680,5505,100,21338
1339,Player,127,60,,,,3006;3106;3406;5086,68;40;40;18,,2800,5506,100,21339
1340,Player,127,70,,,,3007;3107;3407;5086,43;31;31;7,,2600,5807,100,21340
1341,Player,127,70,,,,3007;3107;3407;5086,59;40;40;14,,3200,5808,100,21341
1342,Player,127,70,,,,3007;3107;3407;5086,85;55;55;21,,3400,5809,100,21342
6001,Employee,122,1,60,PT_Money,123,3001;3101;3401,5;3;3,,300,,0,6001
6002,Employee,122,1,,,,3001;3101;3401;5086,10;6;6;1,,300,,0,6002
6003,Employee,122,1,,,,3002;3102;3402;5086,10;6;6;1,,600,,0,6003
6004,Employee,122,1,,,,3002;3102;3402;5086,20;12;12;2,,600,,0,6004
6005,Employee,122,1,,,,3003;3103;3403;5086,15;9;9;2,,900,,0,6005
6006,Employee,122,1,,,,3003;3103;3403;5086,30;18;18;4,,900,,0,6006
6007,Employee,122,1,,,,3004;3104;3404;5086,20;12;12;4,,1200,,0,6007
6008,Employee,122,1,,,,3004;3104;3404;5086,40;24;24;8,,1200,,0,6008
6009,Employee,122,1,,,,3005;3105;3405;5086,25;15;15;8,,1500,,0,6009
6010,Employee,122,1,,,,3005;3105;3405;5086,50;30;30;10,,1500,,0,6010
6011,Employee,122,1,,,,3005;3105;3405;5086,50;30;30;10,,1500,,0,6011
6012,Employee,122,1,,,,3006;3106;3406;5086,30;18;28;10,,1800,,0,6012
6013,Employee,122,1,,,,3006;3106;3406;5086,60;36;36;12,,1800,,0,6013
6024,Employee,122,1,,,,3001;3101;3401,5;3;3,,300,,0,6024
6025,Employee,122,1,,,,3001;3101;3401;5086,10;6;6;1,,300,,0,6025
6026,Employee,122,1,,,,3002;3102;3402;5086,10;6;6;1,,600,,0,6026
6027,Employee,122,1,,,,3002;3102;3402;5086,20;12;12;2,,600,,0,6027
6028,Employee,122,1,,,,3003;3103;3403;5086,15;9;9;2,,900,,0,6028
6029,Employee,122,1,,,,3003;3103;3403;5086,30;18;18;4,,900,,0,6029
6030,Employee,122,1,,,,3004;3104;3404;5086,20;12;12;2,,1200,,0,6030
6031,Employee,122,1,,,,3004;3104;3404;5086,40;24;24;8,,1200,,0,6031
6032,Employee,122,1,,,,3005;3105;3405;5086,25;15;15;8,,1500,,0,6032
6033,Employee,122,1,,,,3005;3105;3405;5086,50;30;30;10,,1500,,0,6033
6034,Employee,122,1,,,,3005;3105;3405;5086,50;30;30;10,,1500,,0,6034
6035,Employee,122,1,,,,3006;3106;3406;5086,30;18;28;10,,1800,,0,6035
6036,Employee,122,1,,,,3006;3106;3406;5086,60;36;36;12,,1800,,0,6036
6047,Employee,122,1,,,,3001;3101;3401,5;3;3,,300,,0,6047
6048,Employee,122,1,,,,3001;3101;3401;5086,10;6;6;1,,300,,0,6048
6049,Employee,122,1,,,,3002;3102;3402;5086,10;6;6;1,,600,,0,6049
6050,Employee,122,1,,,,3002;3102;3402;5086,20;12;12;2,,600,,0,6050
6051,Employee,122,1,,,,3003;3103;3403;5086,15;9;9;2,,900,,0,6051
6052,Employee,122,1,,,,3003;3103;3403;5086,30;18;18;4,,900,,0,6052
6053,Employee,122,1,,,,3004;3104;3404;5086,20;12;12;4,,1200,,0,6053
6054,Employee,122,1,,,,3004;3104;3404;5086,40;24;24;8,,1200,,0,6054
6055,Employee,122,1,,,,3005;3105;3405;5086,25;15;15;8,,1500,,0,6055
6056,Employee,122,1,,,,3005;3105;3405;5086,50;30;30;10,,1500,,0,6056
6057,Employee,122,1,,,,3005;3105;3405;5086,50;30;30;10,,1500,,0,6057
6058,Employee,122,1,,,,3006;3106;3406;5086,30;18;28;10,,1800,,0,6058
6059,Employee,122,1,,,,3006;3106;3406;5086,60;36;36;12,,1800,,0,6059
6070,Employee,122,1,,,,3001;3101;3401,5;3;3,,300,,0,6070
6071,Employee,122,1,,,,3001;3101;3401;5086,10;6;6;1,,300,,0,6071
6072,Employee,122,1,,,,3002;3102;3402;5086,10;6;6;1,,600,,0,6072
6073,Employee,122,1,,,,3002;3102;3402;5086,20;12;12;2,,600,,0,6073
6074,Employee,122,1,,,,3003;3103;3403;5086,15;9;9;2,,900,,0,6074
6075,Employee,122,1,,,,3003;3103;3403;5086,30;18;18;4,,900,,0,6075
6076,Employee,122,1,,,,3004;3104;3404;5086,20;12;12;4,,1200,,0,6076
6077,Employee,122,1,,,,3004;3104;3404;5086,40;24;24;8,,1200,,0,6077
6078,Employee,122,1,,,,3005;3105;3405;5086,25;15;15;8,,1500,,0,6078
6079,Employee,122,1,,,,3005;3105;3405;5086,50;30;30;10,,1500,,0,6079
6080,Employee,122,1,,,,3005;3105;3405;5086,50;30;30;10,,1500,,0,6080
6081,Employee,122,1,,,,3006;3106;3406;5086,30;18;28;10,,1800,,0,6081
6082,Employee,122,1,,,,3006;3106;3406;5086,60;36;36;12,,1800,,0,6082
6093,Employee,122,1,,,,3001;3101;3401,5;3;3,,300,,0,6093
6094,Employee,122,1,,,,3001;3101;3401;5086,10;6;6;1,,300,,0,6094
6095,Employee,122,1,,,,3002;3102;3402;5086,10;6;6;1,,600,,0,6095
6096,Employee,122,1,,,,3002;3102;3402;5086,20;12;12;2,,600,,0,6096
6097,Employee,122,1,,,,3003;3103;3403;5086,15;9;9;2,,900,,0,6097
6098,Employee,122,1,,,,3003;3103;3403;5086,30;18;18;4,,900,,0,6098
6099,Employee,122,1,,,,3004;3104;3404;5086,20;12;12;4,,1200,,0,6099
6100,Employee,122,1,,,,3004;3104;3404;5086,40;24;24;8,,1200,,0,6100
6101,Employee,122,1,,,,3005;3105;3405;5086,25;15;15;8,,1500,,0,6101
6102,Employee,122,1,,,,3005;3105;3405;5086,50;30;30;10,,1500,,0,6102
6103,Employee,122,1,,,,3005;3105;3405;5086,50;30;30;10,,1500,,0,6103
6104,Employee,122,1,,,,3006;3106;3406;5086,30;18;28;10,,1800,,0,6104
6105,Employee,122,1,,,,3006;3106;3406;5086,60;36;36;12,,1800,,0,6105
6116,Employee,122,1,,,,3001;3101;3401,5;3;3,,300,,0,6116
6117,Employee,122,1,,,,3001;3101;3401;5086,10;6;6;1,,300,,0,6117
6118,Employee,122,1,,,,3002;3102;3402;5086,10;6;6;1,,600,,0,6118
6119,Employee,122,1,,,,3002;3102;3402;5086,20;12;12;2,,600,,0,6119
6120,Employee,122,1,,,,3003;3103;3403;5086,15;9;9;2,,900,,0,6120
6121,Employee,122,1,,,,3003;3103;3403;5086,30;18;18;4,,900,,0,6121
6122,Employee,122,1,,,,3004;3104;3404;5086,20;12;12;4,,1200,,0,6122
6123,Employee,122,1,,,,3004;3104;3404;5086,40;24;24;8,,1200,,0,6123
6124,Employee,122,1,,,,3005;3105;3405;5086,25;15;15;8,,1500,,0,6124
6125,Employee,122,1,,,,3005;3105;3405;5086,50;30;30;10,,1500,,0,6125
6126,Employee,122,1,,,,3005;3105;3405;5086,50;30;30;10,,1500,,0,6126
6127,Employee,122,1,,,,3006;3106;3406;5086,30;18;28;10,,1800,,0,6127
6128,Employee,122,1,,,,3006;3106;3406;5086,60;36;36;12,,1800,,0,6128
6139,Employee,122,1,,,,3001;3101;3401,4;3;3,,300,,0,6139
6140,Employee,122,1,,,,3001;3101;3401;5086,8;6;6;1,,300,,0,6140
6141,Employee,122,1,,,,3002;3102;3402;5086,8;6;6;1,,600,,0,6141
6142,Employee,122,1,,,,3002;3102;3402;5086,16;12;12;2,,600,,0,6142
6143,Employee,122,1,,,,3003;3103;3403;5086,12;9;9;2,,900,,0,6143
6144,Employee,122,1,,,,3003;3103;3403;5086,24;18;18;4,,900,,0,6144
6145,Employee,122,1,,,,3004;3104;3404;5086,16;12;12;4,,1200,,0,6145
6146,Employee,122,1,,,,3004;3104;3404;5086,32;24;24;8,,1200,,0,6146
6147,Employee,122,1,,,,3005;3105;3405;5086,20;15;15;8,,1500,,0,6147
6148,Employee,122,1,,,,3005;3105;3405;5086,40;30;30;10,,1500,,0,6148
6149,Employee,122,1,,,,3005;3105;3405;5086,40;30;30;10,,1500,,0,6149
6150,Employee,122,1,,,,3006;3106;3406;5086,24;18;18;10,,1800,,0,6150
6151,Employee,122,1,,,,3006;3106;3406;5086,48;36;36;12,,1800,,0,6151
6162,Employee,122,1,,,,3001;3101;3401,3;3;4,,300,,0,6162
6163,Employee,122,1,,,,3001;3101;3401;5086,6;6;8;1,,300,,0,6163
6164,Employee,122,1,,,,3002;3102;3402;5086,6;6;8;1,,600,,0,6164
6165,Employee,122,1,,,,3002;3102;3402;5086,12;12;16;2,,600,,0,6165
6166,Employee,122,1,,,,3003;3103;3403;5086,9;9;12;2,,900,,0,6166
6167,Employee,122,1,,,,3003;3103;3403;5086,18;18;24;4,,900,,0,6167
6168,Employee,122,1,,,,3004;3104;3404;5086,12;12;16;4,,1200,,0,6168
6169,Employee,122,1,,,,3004;3104;3404;5086,24;24;32;8,,1200,,0,6169
6170,Employee,122,1,,,,3005;3105;3405;5086,15;15;20;8,,1500,,0,6170
6171,Employee,122,1,,,,3005;3105;3405;5086,30;30;40;10,,1500,,0,6171
6172,Employee,122,1,,,,3005;3105;3405;5086,30;30;40;10,,1500,,0,6172
6173,Employee,122,1,,,,3006;3106;3406;5086,18;18;24;10,,1800,,0,6173
6174,Employee,122,1,,,,3006;3106;3406;5086,36;36;48;12,,1800,,0,6174
6186,Employee,122,1,,,,3001;3101;3401,5;3;3,,300,,0,6186
6187,Employee,122,1,,,,3001;3101;3401;5086,10;6;6;1,,300,,0,6187
6188,Employee,122,1,,,,3002;3102;3402;5086,10;6;6;1,,600,,0,6188
6189,Employee,122,1,,,,3002;3102;3402;5086,20;12;12;2,,600,,0,6189
6190,Employee,122,1,,,,3003;3103;3403;5086,15;9;9;2,,900,,0,6190
6191,Employee,122,1,,,,3003;3103;3403;5086,30;18;18;4,,900,,0,6191
6192,Employee,122,1,,,,3004;3104;3404;5086,20;12;12;4,,1200,,0,6192
6193,Employee,122,1,,,,3004;3104;3404;5086,40;24;24;8,,1200,,0,6193
6194,Employee,122,1,,,,3005;3105;3405;5086,25;15;15;8,,1500,,0,6194
6195,Employee,122,1,,,,3005;3105;3405;5086,50;30;30;10,,1500,,0,6195
6196,Employee,122,1,,,,3005;3105;3405;5086,50;30;30;10,,1500,,0,6196
6197,Employee,122,1,,,,3006;3106;3406;5086,30;18;28;10,,1800,,0,6197
6198,Employee,122,1,,,,3006;3106;3406;5086,60;36;36;12,,1800,,0,6198
6209,Employee,122,1,,,,3001;3101;3401,3;3;5,,300,,0,6209
6210,Employee,122,1,,,,3001;3101;3401;5086,6;6;10;1,,300,,0,6210
6211,Employee,122,1,,,,3002;3102;3402;5086,6;6;10;1,,600,,0,6211
6212,Employee,122,1,,,,3002;3102;3402;5086,12;12;20;2,,600,,0,6212
6213,Employee,122,1,,,,3003;3103;3403;5086,9;9;15;2,,900,,0,6213
6214,Employee,122,1,,,,3003;3103;3403;5086,18;18;30;4,,900,,0,6214
6215,Employee,122,1,,,,3004;3104;3404;5086,12;12;20;4,,1200,,0,6215
6216,Employee,122,1,,,,3004;3104;3404;5086,24;24;40;8,,1200,,0,6216
6217,Employee,122,1,,,,3005;3105;3405;5086,15;15;25;8,,1500,,0,6217
6218,Employee,122,1,,,,3005;3105;3405;5086,30;30;50;10,,1500,,0,6218
6219,Employee,122,1,,,,3005;3105;3405;5086,30;30;50;10,,1500,,0,6219
6220,Employee,122,1,,,,3006;3106;3406;5086,18;18;30;10,,1800,,0,6220
6221,Employee,122,1,,,,3006;3106;3406;5086,36;36;60;12,,1800,,0,6221
6232,Employee,122,1,,,,3001;3101;3401,3;5;3,,300,,0,6232
6233,Employee,122,1,,,,3001;3101;3401;5086,6;10;6;1,,300,,0,6233
6234,Employee,122,1,,,,3002;3102;3402;5086,6;10;6;1,,600,,0,6234
6235,Employee,122,1,,,,3002;3102;3402;5086,12;20;12;2,,600,,0,6235
6236,Employee,122,1,,,,3003;3103;3403;5086,9;15;9;2,,900,,0,6236
6237,Employee,122,1,,,,3003;3103;3403;5086,18;30;18;4,,900,,0,6237
6238,Employee,122,1,,,,3004;3104;3404;5086,12;20;12;4,,1200,,0,6238
6239,Employee,122,1,,,,3004;3104;3404;5086,24;40;24;8,,1200,,0,6239
6240,Employee,122,1,,,,3004;3104;3404;5086,12;20;12;4,,1200,,0,6240
6241,Employee,122,1,,,,3005;3105;3405;5086,30;50;30;10,,1500,,0,6241
6242,Employee,122,1,,,,3005;3105;3405;5086,30;50;30;10,,1500,,0,6242
6243,Employee,122,1,,,,3005;3105;3405;5086,15;25;15;8,,1500,,0,6243
6244,Employee,122,1,,,,3006;3106;3406;5086,36;60;36;12,,1800,,0,6244
6245,Employee,122,1,,,,3006;3106;3406;5086,18;30;18;10,,1800,,0,6245
6256,Employee,122,1,,,,3001;3101;3401;5086,8;6;6;1,,300,,0,6256
6257,Employee,122,1,,,,3001;3101;3401,4;3;3,,300,,0,6257
6258,Employee,122,1,,,,3002;3102;3402;5086,16;12;12;2,,600,,0,6258
6259,Employee,122,1,,,,3002;3102;3402;5086,8;6;6;1,,600,,0,6259
6260,Employee,122,1,,,,3003;3103;3403;5086,24;18;18;4,,900,,0,6260
6261,Employee,122,1,,,,3003;3103;3403;5086,12;9;9;2,,900,,0,6261
6262,Employee,122,1,,,,3004;3104;3404;5086,32;24;24;8,,1200,,0,6262
6263,Employee,122,1,,,,3004;3104;3404;5086,16;12;12;4,,1200,,0,6263
6264,Employee,122,1,,,,3005;3105;3405;5086,40;30;30;10,,1500,,0,6264
6265,Employee,122,1,,,,3005;3105;3405;5086,40;30;30;10,,1500,,0,6265
6266,Employee,122,1,,,,3005;3105;3405;5086,20;15;15;8,,1500,,0,6266
6267,Employee,122,1,,,,3006;3106;3406;5086,48;36;36;12,,1800,,0,6267
6268,Employee,122,1,,,,3006;3106;3406;5086,24;18;18;10,,1800,,0,6268
6279,Employee,122,1,,,,3001;3101;3401;5086,6;6;8;1,,300,,0,6279
6280,Employee,122,1,,,,3001;3101;3401,3;3;4,,300,,0,6280
6281,Employee,122,1,,,,3002;3102;3402;5086,12;12;16;2,,600,,0,6281
6282,Employee,122,1,,,,3002;3102;3402;5086,6;6;8;1,,600,,0,6282
6283,Employee,122,1,,,,3003;3103;3403;5086,18;18;24;4,,900,,0,6283
6284,Employee,122,1,,,,3003;3103;3403;5086,9;9;12;2,,900,,0,6284
6285,Employee,122,1,,,,3004;3104;3404;5086,24;24;32;8,,1200,,0,6285
6286,Employee,122,1,,,,3004;3104;3404;5086,12;12;16;4,,1200,,0,6286
6287,Employee,122,1,,,,3005;3105;3405;5086,30;30;40;10,,1500,,0,6287
6288,Employee,122,1,,,,3005;3105;3405;5086,30;30;40;10,,1500,,0,6288
6289,Employee,122,1,,,,3005;3105;3405;5086,15;15;20;8,,1500,,0,6289
6290,Employee,122,1,,,,3006;3106;3406;5086,36;36;48;12,,1800,,0,6290
6291,Employee,122,1,,,,3006;3106;3406;5086,18;18;24;10,,1800,,0,6291
6302,Employee,122,1,,,,3001;3101;3401;5086,3;5;3;1,,300,,0,6302
6303,Employee,122,1,,,,3001;3101;3401;5086,3;5;3;1,,300,,0,6303
6304,Employee,122,1,,,,3001;3101;3401;5086,3;5;3;1,,300,,0,6304
6305,Employee,122,1,,,,3001;3101;3401;5086,3;5;3;1,,300,,0,6305
6306,Employee,122,1,,,,3001;3101;3401;5086,3;5;3;1,,300,,0,6306
6307,Employee,122,1,,,,3001;3101;3401;5086,3;5;3;1,,300,,0,6307
6308,Employee,122,1,,,,3002;3102;3402;5086,6;10;6;2,,600,,0,6308
6309,Employee,122,1,,,,3002;3102;3402;5086,6;10;6;2,,600,,0,6309
6310,Employee,122,1,,,,3002;3102;3402;5086,6;10;6;2,,600,,0,6310
6311,Employee,122,1,,,,3003;3103;3403;5086,9;15;9;4,,900,,0,6311
6312,Employee,122,1,,,,3003;3103;3403;5086,9;15;9;4,,900,,0,6312
6313,Employee,122,1,,,,3003;3103;3403;5086,9;15;9;4,,900,,0,6313
6314,Employee,122,1,,,,3003;3103;3403;5086,9;15;9;4,,900,,0,6314
6315,Employee,122,1,,,,3003;3103;3403;5086,9;15;9;4,,900,,0,6315
6316,Employee,122,1,,,,3003;3103;3403;5086,9;15;9;4,,900,,0,6316
6317,Employee,122,1,,,,3003;3103;3403;5086,9;15;9;4,,900,,0,6317
6318,Employee,122,1,,,,3004;3104;3404;5086,12;20;12;8,,1200,,0,6318
6319,Employee,122,1,,,,3004;3104;3404;5086,12;20;12;8,,1200,,0,6319
6320,Employee,122,1,,,,3004;3104;3404;5086,12;20;12;8,,1200,,0,6320
6321,Employee,122,1,,,,3004;3104;3404;5086,12;20;12;8,,1200,,0,6321
6322,Employee,122,1,,,,3004;3104;3404;5086,12;20;12;8,,1200,,0,6322
6323,Employee,122,1,,,,3005;3105;3405;5086,15;25;15;10,,1500,,0,6323
6324,Employee,122,1,,,,3005;3105;3405;5086,15;25;15;10,,1500,,0,6324
6325,Employee,122,1,,,,3005;3105;3405;5086,15;25;15;10,,1500,,0,6325
6326,Employee,122,1,,,,3005;3105;3405;5086,15;25;15;10,,1500,,0,6326
6327,Employee,122,1,,,,3005;3105;3405;5086,15;25;15;10,,1500,,0,6327
6328,Employee,122,1,,,,3005;3105;3405;5086,15;25;15;10,,1500,,0,6328
6329,Employee,122,1,,,,3006;3106;3406;5086,28;30;28;12,,1800,,0,6329
6330,Employee,122,1,,,,3006;3106;3406;5086,28;30;28;12,,1800,,0,6330
6331,Employee,122,1,,,,3006;3106;3406;5086,28;30;28;12,,1800,,0,6331
6332,Employee,122,1,,,,3006;3106;3406;5086,28;30;28;12,,1800,,0,6332
